Time [sec], Input Angle [rad], Input Speed [rpm], Input Torque [Nm], Output Torque [Nm], Brake Torque [Nm], Efficiency [%], 
0, 0, 0, 0, 0, 0, 0, 
0, 0, 0, 0, 0, 0, 0, 
0, 0, 0, 0, 0, 0, 0, 
0, 0, 0, 0, 0, 0, 0, 
0, 0, 0, 0, 0, 0, 0, 
0, 0, 0, 0, 0, 0, 0, 
0, 0, 0, 0, 0, 0, 0, 
0, 0, 0, 0, 0, 0, 0, 
0.00590455, 0, 0, 0.000108515, -0.00177695, 0.2, -125.963, 
0.0158785, 0, 0, 0.0002562, -0.00177695, 0.2, -53.3523, 
0.0258545, 0, 0, 0.00042268, 0.000664492, 0.2, 12.093, 
0.0358287, 0, 0, 0.000607858, -0.000556229, 0.2, -7.03896, 
0.0458029, 0, 0, 0.000811802, -0.00177695, 0.2, -16.8377, 
0.0557789, 0, 0, 0.00103455, -0.00177695, 0.2, -13.2124, 
0.0657529, 0, 0, 0.001276, -0.00177695, 0.2, -10.7122, 
0.0757279, 0, 0, 0.00153623, -0.000556229, 0.2, -2.78518, 
0.0857021, 0, 0, 0.00181519, 0.00310594, 0.2, 13.1622, 
0.0956776, 0, 0, 0.00211295, 0.000664492, 0.2, 2.41912, 
0.105651, 0, 0, 0.00242939, -0.000556229, 0.2, -1.76122, 
0.115627, 0, 0, 0.00276469, -0.000556229, 0.2, -1.54762, 
0.125602, 0.00471239, 7.52609, 0.00294691, -0.00665984, 0.2, -17.3841, 
0.135576, 0.00628319, 7.51787, 0.00331522, -0.00788056, 0.2, -18.2853, 
0.145552, 0.0109956, 7.52353, 0.00369245, -0.00910128, 0.2, -18.9603, 
0.155526, 0.0329867, 30.0715, 0.00356449, -0.00910128, 0.2, -19.6409, 
0.16551, 0.0722566, 44.9137, 0.00356528, -0.010322, 0.2, -22.2704, 
0.175477, 0.122522, 45.0402, 0.00385927, -0.0115427, 0.2, -23.007, 
0.185451, 0.163363, 30.0591, 0.00451694, -0.0139842, 0.2, -23.8149, 
0.195425, 0.193208, 30.3117, 0.00490739, -0.010322, 0.2, -16.1797, 
0.205401, 0.243473, 45.1052, 0.00495082, -0.0127634, 0.2, -19.8311, 
0.215375, 0.289027, 45.1876, 0.00533529, -0.0164256, 0.2, -23.6821, 
0.225348, 0.325155, 37.6147, 0.00592692, -0.032295, 0.2, -41.9144, 
0.235325, 0.359712, 30.0692, 0.00654156, -0.0396193, 0.2, -46.5889, 
0.245299, 0.376991, 7.53321, 0.00754067, -0.0420608, 0.2, -42.9066, 
0.255274, 0.400553, 22.4623, 0.00775557, -0.0506058, 0.2, -50.193, 
0.26525, 0.411549, 15.0377, 0.00849427, -0.054268, 0.2, -49.1445, 
0.275224, 0.425686, 22.5505, 0.00892989, -0.062813, 0.2, -54.1079, 
0.285197, 0.446106, 15.1675, 0.00967715, -0.0701374, 0.2, -55.7518, 
0.295175, 0.457102, 0, 0.0106356, -0.0701374, 0.2, -50.7277, 
0.305147, 0.477522, 22.7321, 0.010789, -0.0786824, 0.2, -56.0986, 
0.315123, 0.502655, 14.9908, 0.0115863, -0.0872275, 0.2, -57.9115, 
0.325097, 0.527788, 30.0605, 0.0119242, -0.0945518, 0.2, -60.9955, 
0.335072, 0.576482, 52.6094, 0.0120537, -0.0994347, 0.2, -63.4564, 
0.345049, 0.623606, 52.2238, 0.012688, -0.104318, 0.2, -63.2445, 
0.355022, 0.673872, 52.6245, 0.0133132, -0.103097, 0.2, -59.5691, 
0.364997, 0.736703, 67.7317, 0.0136123, -0.110421, 0.2, -62.399, 
0.374971, 0.82781, 105.251, 0.0133761, -0.101876, 0.2, -58.5869, 
0.384945, 0.967611, 158.018, 0.012693, -0.10798, 0.2, -65.4388, 
0.394922, 1.1671, 217.311, 0.0117139, -0.116525, 0.2, -76.5199, 
0.404895, 1.41372, 247.864, 0.0112129, -0.114083, 0.2, -78.2636, 
0.414873, 1.63363, 156.303, 0.01337, -0.106759, 0.2, -61.423, 
0.424846, 1.74673, 90.1245, 0.0153319, -0.114083, 0.2, -57.238, 
0.43482, 1.86611, 127.333, 0.0151306, -0.114083, 0.2, -57.9993, 
0.444796, 2.00277, 127.267, 0.0156764, -0.117746, 0.2, -57.7771, 
0.454769, 2.14257, 157.889, 0.0155874, -0.117746, 0.2, -58.107, 
0.464744, 2.3185, 127.834, 0.0166807, -0.114083, 0.2, -52.6096, 
0.474719, 2.39389, 52.8273, 0.019036, -0.117746, 0.2, -47.5801, 
0.484701, 2.45201, 67.6731, 0.0195801, -0.116525, 0.2, -45.7783, 
0.494667, 2.53527, 90.3039, 0.019904, -0.117746, 0.2, -45.5052, 
0.504644, 2.64365, 104.802, 0.0203431, -0.117746, 0.2, -44.523, 
0.514617, 2.88241, 270.624, 0.0172381, -0.114083, 0.2, -50.9084, 
0.524593, 3.14788, 225.585, 0.0184893, -0.116525, 0.2, -48.4792, 
0.534568, 3.3348, 157.778, 0.0204717, -0.116525, 0.2, -43.7845, 
0.544542, 3.4746, 105.352, 0.0222917, -0.114083, 0.2, -39.3674, 
0.554517, 3.57984, 121.275, 0.0228031, -0.117746, 0.2, -39.7198, 
0.564492, 3.8563, 345.782, 0.0184508, -0.116525, 0.2, -48.5802, 
0.574468, 4.28199, 473.689, 0.0156931, -0.138498, 0.2, -67.8878, 
0.58444, 4.75166, 497.507, 0.0150016, -0.139719, 0.2, -71.6428, 
0.594417, 5.24489, 480.221, 0.0151199, -0.140939, 0.2, -71.7034, 
0.604392, 5.69885, 489.078, 0.0148266, -0.137277, 0.2, -71.222, 
0.614366, 6.20622, 555.261, 0.0131913, -0.14216, 0.2, -82.8984, 
0.624342, 6.7717, 533.803, 0.0132361, -0.136056, 0.2, -79.0707, 
0.634319, 7.31206, 540.158, 0.0127926, -0.133615, 0.2, -80.3437, 
0.644289, 7.85712, 549.185, 0.012297, -0.127511, 0.2, -79.7637, 
0.654264, 8.31894, 300.839, 0.0174609, -0.100655, 0.2, -44.3432, 
0.664239, 8.64095, 285.618, 0.0181805, -0.1092, 0.2, -46.2036, 
0.674212, 9.00695, 345.583, 0.0172121, -0.110421, 0.2, -49.3487, 
0.684188, 9.36038, 300.999, 0.0184898, -0.110421, 0.2, -45.9385, 
0.694163, 9.66982, 248.198, 0.0200904, -0.106759, 0.2, -40.8764, 
0.704138, 9.97927, 337.902, 0.0187252, -0.129953, 0.2, -53.3845, 
0.714112, 10.4018, 435.738, 0.0168688, -0.118966, 0.2, -54.2494, 
0.724088, 10.8825, 518.911, 0.0151643, -0.120187, 0.2, -60.9664, 
0.734063, 11.382, 429.035, 0.0170459, -0.105538, 0.2, -47.6263, 
0.744037, 11.8941, 511.785, 0.0152932, -0.110421, 0.2, -55.5405, 
0.754013, 12.4564, 593.67, 0.0134272, -0.121408, 0.2, -69.5532, 
0.763986, 13.0879, 576.47, 0.0134472, -0.117746, 0.2, -67.3548, 
0.773963, 13.6392, 518.501, 0.0145804, -0.122628, 0.2, -64.6963, 
0.783936, 14.1984, 474.209, 0.0154219, -0.105538, 0.2, -52.6416, 
0.793912, 14.6665, 375.127, 0.0177038, -0.10798, 0.2, -46.9173, 
0.803886, 15.0765, 338.7, 0.0188657, -0.105538, 0.2, -43.0323, 
0.813861, 15.5226, 429.523, 0.0172737, -0.111642, 0.2, -49.7162, 
0.823835, 16.0017, 413.711, 0.0178342, -0.128732, 0.2, -55.5253, 
0.833811, 16.4242, 443.353, 0.0176315, -0.147043, 0.2, -64.152, 
0.843785, 16.8939, 609.133, 0.0144546, -0.156809, 0.2, -83.4488, 
0.853759, 17.4044, 608.055, 0.0146687, -0.140939, 0.2, -73.9089, 
0.863734, 17.9683, 601.747, 0.0148507, -0.138498, 0.2, -71.7385, 
0.873709, 18.6092, 685.252, 0.0129398, -0.128732, 0.2, -76.5272, 
0.883683, 19.2752, 557.631, 0.0153935, -0.10798, 0.2, -53.9588, 
0.893659, 19.8502, 511.068, 0.0164429, -0.118966, 0.2, -55.6548, 
0.903634, 20.4141, 566.831, 0.0154024, -0.120187, 0.2, -60.024, 
0.913609, 20.9576, 480.382, 0.0174157, -0.114083, 0.2, -50.3892, 
0.923583, 21.4665, 458.889, 0.0181931, -0.104318, 0.2, -44.1069, 
0.933558, 22.0446, 496.065, 0.0175534, -0.105538, 0.2, -46.2494, 
0.943532, 22.5535, 496.475, 0.01791, -0.127511, 0.2, -54.7659, 
0.953507, 23.086, 473.277, 0.0187088, -0.115304, 0.2, -47.4084, 
0.963481, 23.6829, 632.436, 0.015514, -0.128732, 0.2, -63.8292, 
0.973457, 24.3489, 728.896, 0.013444, -0.122628, 0.2, -70.1649, 
0.983431, 25.0919, 632.447, 0.0152017, -0.105538, 0.2, -53.4042, 
0.993407, 25.7438, 533.716, 0.0173004, -0.120187, 0.2, -53.439, 
1.00338, 26.3077, 549.264, 0.0172869, -0.122628, 0.2, -54.5672, 
1.01336, 26.9313, 604.09, 0.0162945, -0.110421, 0.2, -52.1275, 
1.02333, 27.5156, 601.314, 0.0166378, -0.126291, 0.2, -58.389, 
1.03331, 28.1864, 676.033, 0.0151218, -0.117746, 0.2, -59.8959, 
1.04328, 28.8068, 534.367, 0.0183064, -0.139719, 0.2, -58.7094, 
1.05326, 29.388, 635.816, 0.016538, -0.127511, 0.2, -59.3092, 
1.06323, 30.0713, 683.512, 0.0156045, -0.103097, 0.2, -50.822, 
1.07321, 30.8536, 616.631, 0.0167946, -0.110421, 0.2, -50.5754, 
1.08318, 31.5714, 630.218, 0.0165113, -0.123849, 0.2, -57.6988, 
1.09315, 32.1778, 586.024, 0.0177904, -0.128732, 0.2, -55.6618, 
1.10313, 32.7888, 656.207, 0.0166823, -0.133615, 0.2, -61.6105, 
1.1131, 33.4485, 656.072, 0.0169124, -0.12507, 0.2, -56.8858, 
1.12308, 34.1695, 692.436, 0.016218, -0.10798, 0.2, -51.2157, 
1.13305, 34.9, 601.595, 0.0181781, -0.1092, 0.2, -46.2096, 
1.14303, 35.544, 624.739, 0.0180282, -0.137277, 0.2, -58.5737, 
1.153, 36.3074, 878.964, 0.0126993, -0.12507, 0.2, -75.7582, 
1.16298, 37.0645, 745.397, 0.0155295, -0.117746, 0.2, -58.3235, 
1.17295, 37.7164, 676.517, 0.01734, -0.120187, 0.2, -53.3169, 
1.18293, 38.34, 631.617, 0.0187513, -0.120187, 0.2, -49.3042, 
1.1929, 39.0406, 729.39, 0.0169623, -0.132394, 0.2, -60.0399, 
1.20288, 39.8118, 761.92, 0.0163475, -0.117746, 0.2, -55.405, 
1.21285, 40.6491, 834.298, 0.0147176, -0.127511, 0.2, -66.6451, 
1.22283, 41.4376, 746.314, 0.0166116, -0.137277, 0.2, -63.5688, 
1.2328, 42.19, 819.69, 0.0152535, -0.121408, 0.2, -61.2257, 
1.24278, 42.9456, 759.617, 0.0166993, -0.10798, 0.2, -49.7393, 
1.25275, 43.588, 639.2, 0.0197673, -0.0969932, 0.2, -37.7442, 
1.26273, 44.2556, 593.821, 0.0212073, -0.0823446, 0.2, -29.8681, 
1.2727, 45.063, 729.034, 0.0184636, -0.0945518, 0.2, -39.3923, 
1.28268, 45.9474, 811.772, 0.0166073, -0.0969932, 0.2, -44.9261, 
1.29265, 46.8631, 826.532, 0.0160991, -0.105538, 0.2, -50.4272, 
1.30262, 47.7381, 775.444, 0.0171115, -0.112863, 0.2, -50.7363, 
1.3126, 48.503, 573.086, 0.0216405, -0.104318, 0.2, -37.0806, 
1.32258, 49.1973, 510.114, 0.0234825, -0.106759, 0.2, -34.9717, 
1.33255, 49.8916, 631.976, 0.0214689, -0.123849, 0.2, -44.375, 
1.34253, 50.6739, 791.269, 0.0184322, -0.122628, 0.2, -51.1764, 
1.3525, 51.5975, 868.131, 0.0167106, -0.120187, 0.2, -55.325, 
1.36247, 52.5777, 947.845, 0.0147778, -0.126291, 0.2, -65.7382, 
1.37245, 53.5673, 980.825, 0.0138169, -0.132394, 0.2, -73.7082, 
1.38242, 54.37, 632.087, 0.0214293, -0.137277, 0.2, -49.2773, 
1.3924, 55.0391, 623.833, 0.0223311, -0.151926, 0.2, -52.3333, 
1.40237, 55.7413, 796.56, 0.0193622, -0.171457, 0.2, -68.1173, 
1.41235, 56.5817, 1062.18, 0.0140506, -0.15925, 0.2, -87.1851, 
1.42232, 57.5681, 1129.03, 0.0124834, -0.140939, 0.2, -86.847, 
1.4323, 58.6174, 1007.32, 0.014695, -0.0994347, 0.2, -52.0504, 
1.44227, 59.6855, 999.598, 0.0144821, -0.0994347, 0.2, -52.8156, 
1.45225, 60.5086, 654.789, 0.0220828, -0.0969932, 0.2, -33.7865, 
1.46222, 61.1668, 624.555, 0.0236078, -0.100655, 0.2, -32.7973, 
1.4722, 61.9632, 744.041, 0.0216025, -0.0872275, 0.2, -31.0604, 
1.48217, 62.9826, 901.932, 0.0181424, -0.0957725, 0.2, -40.6071, 
1.49215, 64.0539, 939.052, 0.0170743, -0.111642, 0.2, -50.297, 
1.50212, 65.1111, 1075.73, 0.0139823, -0.129953, 0.2, -71.4928, 
1.5121, 66.1604, 930.962, 0.016828, -0.138498, 0.2, -63.3094, 
1.52207, 66.9348, 647.098, 0.0234287, -0.120187, 0.2, -39.4609, 
1.53204, 67.7217, 699.697, 0.0229644, -0.114083, 0.2, -38.2141, 
1.54202, 68.7239, 973.424, 0.0172416, -0.14216, 0.2, -63.4243, 
1.55199, 69.7952, 1025.88, 0.0159647, -0.147043, 0.2, -70.8498, 
1.56197, 70.8445, 1203.12, 0.012161, -0.128732, 0.2, -81.4284, 
1.57194, 71.9707, 1047.91, 0.0151052, -0.134836, 0.2, -68.6651, 
1.58192, 72.8614, 745.162, 0.0218668, -0.12507, 0.2, -43.9972, 
1.59189, 73.6484, 751.778, 0.0224784, -0.111642, 0.2, -38.2048, 
1.60187, 74.6521, 948.933, 0.0184671, -0.123849, 0.2, -51.5883, 
1.61184, 75.7218, 939.562, 0.0186029, -0.111642, 0.2, -46.1639, 
1.62182, 76.8355, 1150.31, 0.0140153, -0.143381, 0.2, -78.6943, 
1.63179, 77.9979, 1150.98, 0.0137003, -0.127511, 0.2, -71.5937, 
1.64177, 79.0095, 881.317, 0.0195178, -0.103097, 0.2, -40.6323, 
1.65174, 79.9033, 935.697, 0.018921, -0.103097, 0.2, -41.914, 
1.66172, 80.9431, 988.01, 0.0179473, -0.0860068, 0.2, -36.863, 
1.67169, 82.0191, 983.998, 0.0180653, -0.0969932, 0.2, -41.3002, 
1.68167, 83.2208, 1124.31, 0.0148025, -0.104318, 0.2, -54.2099, 
1.69164, 84.4052, 1029.09, 0.0165406, -0.111642, 0.2, -51.9198, 
1.70162, 85.3979, 858.489, 0.0204523, -0.111642, 0.2, -41.9896, 
1.71159, 86.4111, 953.875, 0.0187507, -0.129953, 0.2, -53.3119, 
1.72156, 87.4352, 880.277, 0.0205748, -0.104318, 0.2, -39.0012, 
1.73154, 88.5175, 1040.11, 0.0173572, -0.084786, 0.2, -37.5753, 
1.74151, 89.7035, 1092.67, 0.0160875, -0.105538, 0.2, -50.4636, 
1.75149, 90.8313, 1007.65, 0.0178956, -0.115304, 0.2, -49.5626, 
1.76147, 91.8994, 1072.63, 0.0167621, -0.136056, 0.2, -62.4378, 
1.77144, 92.9126, 1068.62, 0.0172532, -0.151926, 0.2, -67.7359, 
1.78141, 93.9085, 1075.86, 0.0175814, -0.144601, 0.2, -63.2668, 
1.79139, 95.1054, 1206.33, 0.0147464, -0.127511, 0.2, -66.5148, 
1.80136, 96.3165, 1107.62, 0.016689, -0.10798, 0.2, -49.7701, 
1.81134, 97.4679, 1134.3, 0.0161936, -0.112863, 0.2, -53.6122, 
1.82131, 98.5235, 927.195, 0.0209066, -0.0994347, 0.2, -36.5857, 
1.83129, 99.5162, 962.471, 0.0207511, -0.114083, 0.2, -42.2899, 
1.84126, 100.713, 1249.4, 0.0147301, -0.129953, 0.2, -67.8636, 
1.85124, 101.92, 1157.68, 0.0166307, -0.128732, 0.2, -59.5432, 
1.86121, 103.113, 1158.79, 0.016643, -0.118966, 0.2, -54.9856, 
1.87119, 104.285, 1037.1, 0.0193123, -0.112863, 0.2, -44.9545, 
1.88116, 105.328, 1038.4, 0.0198111, -0.111642, 0.2, -43.3486, 
1.89114, 106.561, 1314.76, 0.0139972, -0.132394, 0.2, -72.7585, 
1.90111, 107.783, 1144.22, 0.0175957, -0.12507, 0.2, -54.6767, 
1.91109, 108.98, 1102.03, 0.0186044, -0.111642, 0.2, -46.1602, 
1.92106, 110.237, 1221.99, 0.0160464, -0.10798, 0.2, -51.7631, 
1.93103, 111.385, 1104.15, 0.018818, -0.129953, 0.2, -53.1212, 
1.94101, 112.678, 1286.74, 0.0148828, -0.15925, 0.2, -82.31, 
1.95098, 113.881, 1149.3, 0.0179384, -0.116525, 0.2, -49.9678, 
1.96096, 115.105, 1202.89, 0.0169497, -0.136056, 0.2, -61.7465, 
1.97093, 116.421, 1306.48, 0.0146553, -0.145822, 0.2, -76.5393, 
1.98091, 117.596, 1169.51, 0.0178407, -0.131173, 0.2, -56.5576, 
1.99088, 118.854, 1075.95, 0.0198859, -0.0896689, 0.2, -34.6859, 
2.00086, 120.001, 1041.66, 0.0210451, -0.100655, 0.2, -36.7912, 
2.01083, 121.284, 1240.63, 0.0169259, -0.10798, 0.2, -49.0735, 
2.02081, 122.665, 1334.9, 0.0147326, -0.145822, 0.2, -76.1379, 
2.03078, 123.942, 1298.6, 0.0155921, -0.126291, 0.2, -62.305, 
2.04076, 125.112, 1188.37, 0.0183458, -0.155588, 0.2, -65.2374, 
2.05073, 126.217, 1140.06, 0.020024, -0.10798, 0.2, -41.4809, 
2.06071, 127.539, 1287.75, 0.0169511, -0.10798, 0.2, -49.0006, 
2.07068, 128.977, 1398.04, 0.0143373, -0.126291, 0.2, -67.758, 
2.08066, 130.316, 1132.02, 0.0199219, -0.161692, 0.2, -62.4327, 
2.09063, 131.408, 1045.16, 0.022518, -0.143381, 0.2, -48.9797, 
2.1006, 132.592, 1302.48, 0.0176363, -0.122628, 0.2, -53.4859, 
2.11058, 134.008, 1398.64, 0.0154633, -0.112863, 0.2, -56.1442, 
2.12056, 135.511, 1431.89, 0.0143621, -0.0933311, 0.2, -49.9878, 
2.13053, 136.711, 1023.1, 0.0234472, -0.10798, 0.2, -35.4249, 
2.1405, 137.79, 1016.98, 0.0244799, -0.112863, 0.2, -35.4648, 
2.15048, 139.171, 1382.69, 0.0168402, -0.105538, 0.2, -48.208, 
2.16045, 140.685, 1444.76, 0.0151766, -0.0933311, 0.2, -47.3051, 
2.17043, 142.201, 1232.94, 0.0192644, -0.133615, 0.2, -53.3526, 
2.1804, 143.305, 1091.09, 0.0231395, -0.161692, 0.2, -53.7513, 
2.19038, 144.57, 1507.95, 0.0148528, -0.171457, 0.2, -88.7982, 
2.20035, 146.064, 1586.25, 0.0129889, -0.128732, 0.2, -76.2378, 
2.21033, 147.689, 1585.53, 0.0123972, -0.127511, 0.2, -79.119, 
2.2203, 148.959, 1113.09, 0.022777, -0.116525, 0.2, -39.3531, 
2.23028, 150.2, 1390.86, 0.0175474, -0.114083, 0.2, -50.011, 
2.24025, 151.667, 1408.56, 0.0171051, -0.0872275, 0.2, -39.2268, 
2.25023, 153.294, 1580.57, 0.0129694, -0.104318, 0.2, -61.8718, 
2.2602, 154.736, 1169.93, 0.0216153, -0.100655, 0.2, -35.8205, 
2.27018, 155.982, 1292.53, 0.0196938, -0.112863, 0.2, -44.0836, 
2.28015, 157.419, 1354.69, 0.0184839, -0.110421, 0.2, -45.9532, 
2.29013, 158.988, 1600.76, 0.0130462, -0.123849, 0.2, -73.0242, 
2.3001, 160.551, 1384.29, 0.0173332, -0.131173, 0.2, -58.2135, 
2.31008, 161.872, 1404.87, 0.0174023, -0.134836, 0.2, -59.6013, 
2.32005, 163.284, 1377.58, 0.0182162, -0.128732, 0.2, -54.3609, 
2.33002, 164.824, 1631.75, 0.0127734, -0.120187, 0.2, -72.3784, 
2.34, 166.431, 1460.4, 0.0160584, -0.105538, 0.2, -50.5549, 
2.34997, 167.818, 1376.35, 0.0181945, -0.126291, 0.2, -53.3933, 
2.35995, 169.183, 1269.18, 0.0208984, -0.12507, 0.2, -46.0359, 
2.36992, 170.665, 1571.74, 0.0146877, -0.128732, 0.2, -67.4202, 
2.3799, 172.261, 1505.9, 0.0158708, -0.110421, 0.2, -53.5192, 
2.38987, 173.757, 1472.94, 0.0166869, -0.132394, 0.2, -61.031, 
2.39985, 175.116, 1244.21, 0.0220301, -0.114083, 0.2, -39.8348, 
2.40982, 176.598, 1519.58, 0.0164635, -0.105538, 0.2, -49.3112, 
2.4198, 178.237, 1496.2, 0.0167046, -0.10798, 0.2, -49.7237, 
2.42977, 179.812, 1514.47, 0.0162822, -0.158029, 0.2, -74.6589, 
2.43975, 181.173, 1304.89, 0.0212967, -0.138498, 0.2, -50.025, 
2.44972, 182.71, 1608.93, 0.0150394, -0.137277, 0.2, -70.214, 
2.4597, 184.276, 1473.9, 0.0179113, -0.106759, 0.2, -45.8494, 
2.46967, 185.904, 1555.85, 0.016076, -0.132394, 0.2, -63.3503, 
2.47965, 187.316, 1386.84, 0.0201586, -0.139719, 0.2, -53.3151, 
2.48962, 188.926, 1533.47, 0.0170556, -0.131173, 0.2, -59.1611, 
2.4996, 190.487, 1555.9, 0.0167192, -0.123849, 0.2, -56.9814, 
2.50957, 192.159, 1622.85, 0.0151392, -0.122628, 0.2, -62.3083, 
2.51955, 193.662, 1492.83, 0.0182094, -0.103097, 0.2, -43.5519, 
2.52952, 195.248, 1347.25, 0.0213807, -0.098214, 0.2, -35.3353, 
2.53949, 196.84, 1611.62, 0.0159527, -0.120187, 0.2, -57.9534, 
2.54947, 198.55, 1578.53, 0.0164259, -0.132394, 0.2, -62.0007, 
2.55945, 200.143, 1694.36, 0.0141548, -0.175119, 0.2, -95.167, 
2.56942, 201.615, 1502.75, 0.0186991, -0.149484, 0.2, -61.4937, 
2.57939, 203.242, 1721.3, 0.0142063, -0.137277, 0.2, -74.3318, 
2.58937, 204.961, 1569.93, 0.0172079, -0.123849, 0.2, -55.3633, 
2.59935, 206.531, 1298.69, 0.0231888, -0.117746, 0.2, -39.0591, 
2.60932, 207.926, 1262.61, 0.0247761, -0.084786, 0.2, -26.3238, 
2.6193, 209.665, 1739.09, 0.0146243, -0.120187, 0.2, -63.2177, 
2.62927, 211.468, 1777.06, 0.013479, -0.123849, 0.2, -70.679, 
2.63924, 212.917, 1362.4, 0.0228989, -0.133615, 0.2, -44.8846, 
2.64922, 214.37, 1574.09, 0.0192131, -0.100655, 0.2, -40.2992, 
2.65919, 216.187, 1710.34, 0.0160181, -0.0750203, 0.2, -36.0267, 
2.66917, 218.038, 1503.63, 0.0199313, -0.133615, 0.2, -51.5674, 
2.67914, 219.409, 1347.37, 0.0242449, -0.178782, 0.2, -56.7229, 
2.68912, 221.041, 1835.63, 0.0142971, -0.160471, 0.2, -86.3388, 
2.69909, 222.896, 1926.45, 0.0120216, -0.0799031, 0.2, -51.128, 
2.70907, 224.588, 1189.12, 0.0276003, -0.0835653, 0.2, -23.2899, 
2.71904, 226.102, 1467.67, 0.0224542, -0.0994347, 0.2, -34.0641, 
2.72902, 227.927, 1691.5, 0.0175401, -0.0921104, 0.2, -40.3955, 
2.73899, 229.916, 1941.82, 0.0115988, -0.181223, 0.2, -120.187, 
2.74897, 231.4, 1639.51, 0.0187642, -0.155588, 0.2, -63.7825, 
2.75894, 233.087, 1726.8, 0.0171822, -0.111642, 0.2, -49.981, 
2.76892, 234.982, 1932.36, 0.0125163, -0.0896689, 0.2, -55.1092, 
2.77889, 236.736, 1355.3, 0.0246805, -0.0860068, 0.2, -26.8062, 
2.78886, 238.356, 1509.65, 0.021951, -0.1092, 0.2, -38.2672, 
2.79884, 240.095, 1720.97, 0.0176893, -0.0811239, 0.2, -35.2772, 
2.80881, 242.099, 1764.34, 0.0161669, -0.139719, 0.2, -66.4787, 
2.81879, 243.759, 1690.03, 0.0181596, -0.171457, 0.2, -72.6282, 
2.82876, 245.438, 1697.79, 0.0183959, -0.140939, 0.2, -58.9341, 
2.83874, 247.375, 1925.49, 0.0132712, -0.122628, 0.2, -71.0782, 
2.84871, 249.197, 1661.48, 0.0188089, -0.105538, 0.2, -43.1622, 
2.85869, 250.848, 1444.04, 0.0239064, -0.116525, 0.2, -37.4938, 
2.86866, 252.615, 1870.49, 0.0151817, -0.140939, 0.2, -71.4114, 
2.87864, 254.526, 1813.64, 0.016171, -0.118966, 0.2, -56.5905, 
2.88861, 256.321, 1607.1, 0.020661, -0.169016, 0.2, -62.9262, 
2.89859, 257.964, 1810.03, 0.0170486, -0.129953, 0.2, -58.6345, 
2.90856, 259.895, 1863.12, 0.0157313, -0.12507, 0.2, -61.1569, 
2.91853, 261.812, 1838.21, 0.0161035, -0.160471, 0.2, -76.6534, 
2.92851, 263.404, 1713.25, 0.0195723, -0.134836, 0.2, -52.9931, 
2.93849, 265.273, 1808.82, 0.0176084, -0.117746, 0.2, -51.4375, 
2.94846, 267.233, 1988.4, 0.0136297, -0.105538, 0.2, -59.5637, 
2.95844, 268.975, 1497.9, 0.0243521, -0.100655, 0.2, -31.7949, 
2.96841, 270.857, 1668.26, 0.0208384, -0.115304, 0.2, -42.5634, 
2.97839, 272.752, 1940.11, 0.0151877, -0.104318, 0.2, -52.8351, 
2.98836, 274.734, 1728.99, 0.0193894, -0.153146, 0.2, -60.7573, 
2.99833, 276.598, 1822.23, 0.0176025, -0.19221, 0.2, -83.9955, 
3.00831, 278.373, 2025.62, 0.0137881, -0.149484, 0.2, -83.3965, 
3.01829, 280.45, 1915.99, 0.0156531, -0.128732, 0.2, -63.2621, 
3.02826, 282.316, 1781.29, 0.0186816, -0.170237, 0.2, -70.0964, 
3.03823, 284.033, 1849.53, 0.0179325, -0.111642, 0.2, -47.8898, 
3.04821, 286.077, 2010.21, 0.0142843, -0.100655, 0.2, -54.2045, 
3.05818, 288.038, 1723.99, 0.0202613, -0.129953, 0.2, -49.3373, 
3.06816, 289.705, 1676.29, 0.0221476, -0.098214, 0.2, -34.1117, 
3.07813, 291.722, 2002.14, 0.0151768, -0.0969932, 0.2, -49.1605, 
3.08811, 293.806, 1812.17, 0.0188272, -0.165354, 0.2, -67.5594, 
3.09808, 295.428, 1640.65, 0.023499, -0.171457, 0.2, -56.1259, 
3.10806, 297.407, 2133.1, 0.0132095, -0.161692, 0.2, -94.1582, 
3.11803, 299.56, 2155.33, 0.0122623, -0.155588, 0.2, -97.602, 
3.12801, 301.164, 1655.78, 0.0239186, -0.110421, 0.2, -35.5118, 
3.13798, 303.137, 1897, 0.0189599, -0.0786824, 0.2, -31.9226, 
3.14796, 305.449, 2141.71, 0.0129376, -0.140939, 0.2, -83.7981, 
3.15793, 307.169, 1676.12, 0.0235843, -0.145822, 0.2, -47.5617, 
3.16791, 309.1, 1985.53, 0.0173852, -0.10798, 0.2, -47.7771, 
3.17788, 311.362, 2235.32, 0.0114602, -0.127511, 0.2, -85.5882, 
3.18786, 313.171, 1737.25, 0.022585, -0.116525, 0.2, -39.6877, 
3.19783, 315.122, 1882.29, 0.019814, -0.0908896, 0.2, -35.2858, 
3.2078, 317.417, 2279.17, 0.0107665, -0.147043, 0.2, -105.057, 
3.21778, 319.266, 1821.8, 0.0209662, -0.114083, 0.2, -41.8561, 
3.22775, 321.171, 1803.34, 0.0218259, -0.0908896, 0.2, -32.0332, 
3.23773, 323.488, 2284.42, 0.0110039, -0.166574, 0.2, -116.444, 
3.2477, 325.438, 1984.22, 0.0176669, -0.160471, 0.2, -69.8704, 
3.25768, 327.326, 1903.16, 0.0199432, -0.0945518, 0.2, -36.4697, 
3.26765, 329.602, 2119.1, 0.0148544, -0.112863, 0.2, -58.4455, 
3.27763, 331.672, 1935.39, 0.0187748, -0.158029, 0.2, -64.7469, 
3.2876, 333.499, 1925.49, 0.0197963, -0.0896689, 0.2, -34.8429, 
3.29758, 335.698, 2065.02, 0.0166013, -0.0969932, 0.2, -44.9424, 
3.30755, 337.814, 1953.6, 0.0189175, -0.167795, 0.2, -68.2293, 
3.31753, 339.655, 2032.06, 0.0181076, -0.128732, 0.2, -54.6869, 
3.3275, 341.865, 2097.91, 0.0164727, -0.111642, 0.2, -52.1339, 
3.33748, 344.041, 1923.98, 0.0199811, -0.19221, 0.2, -73.9967, 
3.34745, 345.971, 2250.11, 0.0137716, -0.161692, 0.2, -90.3152, 
3.35743, 348.073, 2047.47, 0.0181398, -0.0750203, 0.2, -31.8128, 
3.3674, 350.299, 1766.49, 0.0237967, -0.118966, 0.2, -38.456, 
3.37738, 352.396, 2188.34, 0.0151388, -0.21052, 0.2, -106.969, 
3.38735, 354.439, 2336.65, 0.0123894, -0.0908896, 0.2, -56.4314, 
3.39733, 356.718, 1882.4, 0.0215718, -0.0811239, 0.2, -28.9281, 
3.4073, 358.79, 1549.73, 0.0288529, -0.0872275, 0.2, -23.2552, 
3.41727, 361.005, 2481.58, 0.00922682, -0.147043, 0.2, -122.588, 
3.42725, 363.242, 2149.28, 0.0160395, -0.120187, 0.2, -57.6398, 
3.43723, 365.127, 1806.07, 0.0241591, -0.0786824, 0.2, -25.0526, 
3.4472, 367.401, 2194.8, 0.0157973, -0.0750203, 0.2, -36.5302, 
3.45717, 369.703, 1852.67, 0.0226657, -0.126291, 0.2, -42.8606, 
3.46715, 371.569, 1846, 0.023846, -0.105538, 0.2, -34.0448, 
3.47712, 373.873, 2312.31, 0.0138215, -0.0969932, 0.2, -53.9814, 
3.4871, 376.082, 1675.42, 0.0272093, -0.136056, 0.2, -38.4643, 
3.49707, 378.015, 2090.93, 0.01941, -0.114083, 0.2, -45.212, 
3.50705, 380.419, 2407.73, 0.0122655, -0.0774617, 0.2, -48.5802, 
3.51702, 382.476, 1551.24, 0.0307609, -0.0737995, 0.2, -18.4549, 
3.527, 384.591, 2073.56, 0.0202393, -0.0860068, 0.2, -32.6884, 
3.53697, 387.112, 2484.09, 0.0108352, -0.149484, 0.2, -106.124, 
3.54695, 389.045, 1909.82, 0.023848, -0.117746, 0.2, -37.9796, 
3.55692, 391.249, 2231.11, 0.0173156, -0.0945518, 0.2, -42.0038, 
3.5669, 393.81, 2168.01, 0.0177812, -0.178782, 0.2, -77.3427, 
3.57687, 395.842, 2249.6, 0.0168142, -0.194651, 0.2, -89.0504, 
3.58685, 398.06, 2399.47, 0.0138966, -0.0701374, 0.2, -38.8236, 
3.59682, 400.462, 1588.46, 0.0305449, -0.076241, 0.2, -19.2002, 
3.60679, 402.642, 2063.95, 0.0209444, -0.182444, 0.2, -67.0065, 
3.61677, 404.906, 2733.9, 0.00703971, -0.0774617, 0.2, -84.6426, 
3.62674, 407.212, 1796.8, 0.0266855, -0.0676959, 0.2, -19.5139, 
3.63672, 409.422, 1814.73, 0.0266338, -0.0664752, 0.2, -19.1992, 
3.6467, 411.992, 2590.44, 0.00966712, -0.19221, 0.2, -152.945, 
3.65667, 414.244, 2219.29, 0.0176622, -0.200755, 0.2, -87.4332, 
3.66664, 416.417, 2511.48, 0.0120376, -0.12507, 0.2, -79.9227, 
3.67662, 418.776, 2114.32, 0.0203134, -0.0689166, 0.2, -26.0974, 
3.68659, 420.978, 1664.17, 0.0301763, -0.0676959, 0.2, -17.2565, 
3.69657, 423.416, 2328.02, 0.0160299, -0.175119, 0.2, -84.035, 
3.70654, 425.749, 2595.47, 0.0105164, -0.105538, 0.2, -77.1966, 
3.71652, 427.978, 2086.44, 0.0215965, -0.0933311, 0.2, -33.2429, 
3.72649, 430.277, 2168.08, 0.0201118, -0.0652545, 0.2, -24.9584, 
3.73647, 432.814, 2055.3, 0.0220061, -0.143381, 0.2, -50.1193, 
3.74644, 434.98, 2109.48, 0.0215354, -0.153146, 0.2, -54.703, 
3.75642, 437.373, 2709.47, 0.00897345, -0.0896689, 0.2, -76.8669, 
3.76639, 439.694, 1919.87, 0.0257462, -0.0786824, 0.2, -23.5083, 
3.77637, 441.871, 2111.27, 0.0224234, -0.0640338, 0.2, -21.9667, 
3.78634, 444.54, 2298.21, 0.0177393, -0.143381, 0.2, -62.1742, 
3.79632, 446.681, 1829.03, 0.0284089, -0.127511, 0.2, -34.5263, 
3.8063, 449.128, 2821.19, 0.00755503, -0.178782, 0.2, -182.03, 
3.81626, 451.598, 2251.06, 0.0193761, -0.184885, 0.2, -73.3993, 
3.82624, 453.622, 2324.93, 0.0190675, -0.114083, 0.2, -46.024, 
3.83621, 456.272, 2498.11, 0.0148209, -0.0713581, 0.2, -37.0362, 
3.84619, 458.413, 1638.69, 0.0337466, -0.0750203, 0.2, -17.1004, 
3.85616, 460.901, 2475.7, 0.0161199, -0.0969932, 0.2, -46.2845, 
3.86614, 463.581, 2421.26, 0.0166089, -0.263011, 0.2, -121.812, 
3.87611, 465.652, 2570.33, 0.0146856, -0.149484, 0.2, -78.3, 
3.88609, 468.256, 2524.41, 0.0152543, -0.0701374, 0.2, -35.3684, 
3.89606, 470.749, 1708.67, 0.0323023, -0.0774617, 0.2, -18.4464, 
3.90604, 473.234, 2609.78, 0.0134364, -0.15925, 0.2, -91.17, 
3.91601, 475.888, 2692.59, 0.0112185, -0.184885, 0.2, -126.772, 
3.92599, 478.166, 2444.71, 0.0170775, -0.138498, 0.2, -62.3844, 
3.93596, 480.813, 2689.76, 0.011528, -0.0786824, 0.2, -52.5026, 
3.94594, 483.21, 2113.15, 0.0239451, -0.0786824, 0.2, -25.2765, 
3.95591, 485.609, 2312.39, 0.020132, -0.0664752, 0.2, -25.3998, 
3.96589, 488.392, 2314.78, 0.0193055, -0.117746, 0.2, -46.9158, 
3.97586, 490.72, 2139.47, 0.0235875, -0.132394, 0.2, -43.1761, 
3.98584, 493.335, 2823.57, 0.00902707, -0.156809, 0.2, -133.623, 
3.99581, 495.803, 2274.9, 0.0207488, -0.189768, 0.2, -70.3537, 
4.00579, 498.139, 2693.76, 0.012616, -0.136056, 0.2, -82.957, 
4.01576, 500.713, 2397.59, 0.01876, -0.076241, 0.2, -31.2617, 
4.02574, 503.073, 2076.16, 0.0261104, -0.0689166, 0.2, -20.3033, 
4.03571, 505.734, 2365.01, 0.0197763, -0.0774617, 0.2, -30.13, 
4.04569, 508.332, 2483.67, 0.0172344, -0.230052, 0.2, -102.68, 
4.05566, 510.718, 2533.27, 0.016771, -0.161692, 0.2, -74.1624, 
4.06563, 513.365, 2704.73, 0.012999, -0.12507, 0.2, -74.0116, 
4.07561, 515.801, 2338.85, 0.021134, -0.133615, 0.2, -48.6329, 
4.08558, 518.294, 2593.7, 0.016117, -0.0737995, 0.2, -35.2231, 
4.09556, 520.999, 2174.3, 0.0246161, -0.100655, 0.2, -31.4538, 
4.10553, 523.352, 2312.92, 0.0224798, -0.0701374, 0.2, -24.0002, 
4.11551, 526.185, 2569.97, 0.0164519, -0.156809, 0.2, -73.3179, 
4.12548, 528.509, 2035.9, 0.0285409, -0.101876, 0.2, -27.4575, 
4.13546, 531.259, 2920.33, 0.0096717, -0.160471, 0.2, -127.629, 
4.14543, 533.801, 2154.52, 0.0259866, -0.17634, 0.2, -52.1985, 
4.15541, 536.201, 2879.9, 0.0115246, -0.116525, 0.2, -77.7766, 
4.16538, 539.016, 2533.19, 0.0183039, -0.140939, 0.2, -59.2304, 
4.17536, 541.212, 2308.02, 0.0243868, -0.0811239, 0.2, -25.5888, 
4.18533, 544.108, 2681.74, 0.0158575, -0.0701374, 0.2, -34.0229, 
4.19531, 546.57, 1909.42, 0.0326534, -0.0750203, 0.2, -17.6729, 
4.20528, 549.364, 2819.35, 0.0132501, -0.10798, 0.2, -62.6875, 
4.21526, 552.103, 2314.41, 0.0236384, -0.180002, 0.2, -58.5755, 
4.22523, 554.629, 2757.09, 0.0148523, -0.175119, 0.2, -90.6977, 
4.23521, 557.521, 2845.19, 0.0124232, -0.186106, 0.2, -115.235, 
4.24518, 559.97, 2646.41, 0.0173273, -0.161692, 0.2, -71.7816, 
4.25515, 562.859, 2926.37, 0.0109157, -0.103097, 0.2, -72.6527, 
4.26513, 565.4, 2396.97, 0.0225175, -0.0969932, 0.2, -33.1344, 
4.27511, 568.144, 2811.3, 0.0137624, -0.0640338, 0.2, -35.7908, 
4.28508, 570.914, 2271.39, 0.0249361, -0.0823446, 0.2, -25.4017, 
4.29505, 573.491, 2616.53, 0.0181692, -0.0750203, 0.2, -31.7614, 
4.30503, 576.385, 2474.07, 0.0206862, -0.0969932, 0.2, -36.0677, 
4.315, 578.867, 2248.33, 0.0262088, -0.0615923, 0.2, -18.0774, 
4.32498, 581.724, 2556.5, 0.0194208, -0.0872275, 0.2, -34.5497, 
4.33495, 584.261, 2177.84, 0.0280075, -0.122628, 0.2, -33.6801, 
4.34493, 587.003, 2820.1, 0.0146161, -0.162912, 0.2, -85.739, 
4.3549, 589.727, 2747.64, 0.0162677, -0.216624, 0.2, -102.432, 
4.36488, 592.303, 2617.35, 0.0195938, -0.151926, 0.2, -59.6444, 
4.37485, 595.109, 2823.32, 0.0152055, -0.128732, 0.2, -65.1241, 
4.38483, 597.713, 2511.68, 0.0222814, -0.148264, 0.2, -51.1857, 
4.3948, 600.431, 2862.03, 0.0151733, -0.0725788, 0.2, -36.7947, 
4.40478, 603.189, 2239.84, 0.0283301, -0.104318, 0.2, -28.3248, 
4.41475, 605.834, 2854.93, 0.015929, -0.0811239, 0.2, -39.1758, 
4.42473, 608.759, 2531.48, 0.0223683, -0.120187, 0.2, -41.3314, 
4.4347, 611.203, 2589.74, 0.0222788, -0.0676959, 0.2, -23.3737, 
4.44468, 614.318, 2736.14, 0.0183355, -0.110421, 0.2, -46.3251, 
4.45465, 616.712, 2266.75, 0.029476, -0.0725788, 0.2, -18.9408, 
4.46463, 619.813, 2871.38, 0.0160252, -0.0872275, 0.2, -41.8705, 
4.4746, 622.291, 2086, 0.0335673, -0.0750203, 0.2, -17.1917, 
4.48457, 625.29, 3046.77, 0.0130004, -0.0969932, 0.2, -57.3905, 
4.49455, 628.034, 2078.53, 0.0336276, -0.10798, 0.2, -24.7003, 
4.50452, 630.891, 3105.92, 0.0121129, -0.149484, 0.2, -94.9297, 
4.5145, 633.812, 2385.07, 0.0270545, -0.171457, 0.2, -48.7498, 
4.52448, 636.564, 2982.86, 0.0149077, -0.136056, 0.2, -70.2045, 
4.53445, 639.661, 2881.65, 0.016375, -0.236156, 0.2, -110.936, 
4.54442, 642.297, 2855.77, 0.0176712, -0.144601, 0.2, -62.9453, 
4.5544, 645.418, 2743.65, 0.0193349, -0.201975, 0.2, -80.3552, 
4.56437, 648.107, 2762.61, 0.0195743, -0.160471, 0.2, -63.0619, 
4.57435, 651.216, 3277.72, 0.008176, -0.165354, 0.2, -155.571, 
4.58432, 653.935, 2615.43, 0.0226296, -0.127511, 0.2, -43.3439, 
4.5943, 657.02, 3008.32, 0.0139066, -0.131173, 0.2, -72.5572, 
4.60427, 659.75, 2412.72, 0.0269599, -0.149484, 0.2, -42.6514, 
4.61425, 662.686, 3071.68, 0.0131573, -0.167795, 0.2, -98.1003, 
4.62422, 665.506, 2613.69, 0.0230904, -0.195872, 0.2, -65.2524, 
4.6342, 668.295, 2987.02, 0.0157381, -0.153146, 0.2, -74.8533, 
4.64417, 671.239, 2736.57, 0.0209975, -0.180002, 0.2, -65.9428, 
4.65415, 673.989, 2903.76, 0.0181164, -0.154367, 0.2, -65.5449, 
4.66412, 676.993, 3014.34, 0.0156739, -0.116525, 0.2, -57.187, 
4.6741, 679.753, 2534.02, 0.0263605, -0.103097, 0.2, -30.0849, 
4.68407, 682.849, 3086.38, 0.0144291, -0.15925, 0.2, -84.898, 
4.69405, 685.623, 2565.89, 0.0259504, -0.169016, 0.2, -50.1003, 
4.70402, 688.571, 3306.5, 0.0105584, -0.0799031, 0.2, -58.2133, 
4.71399, 691.427, 2168.66, 0.0348002, -0.0737995, 0.2, -16.3128, 
4.72397, 694.515, 3164.63, 0.0136784, -0.116525, 0.2, -65.5298, 
4.73395, 697.437, 2235.16, 0.0334029, -0.122628, 0.2, -28.2399, 
4.74392, 700.34, 3485.6, 0.00753784, -0.127511, 0.2, -130.124, 
4.75389, 703.333, 2256.73, 0.0333498, -0.105538, 0.2, -24.343, 
4.76387, 706.268, 3167.97, 0.0145423, -0.132394, 0.2, -70.0314, 
4.77384, 709.414, 2530, 0.0275517, -0.197092, 0.2, -55.0273, 
4.78382, 712.284, 3447.91, 0.00883218, -0.12507, 0.2, -108.929, 
4.79379, 715.438, 2403.13, 0.0303823, -0.114083, 0.2, -28.8841, 
4.80377, 718.368, 3004.71, 0.0181429, -0.0884482, 0.2, -37.5006, 
4.81374, 721.688, 3069.78, 0.015987, -0.228831, 0.2, -110.105, 
4.82372, 724.546, 3266.68, 0.0124779, -0.0896689, 0.2, -55.2786, 
4.83369, 727.695, 2384.44, 0.0307139, -0.0676959, 0.2, -16.9545, 
4.84367, 730.698, 2859.14, 0.020987, -0.0664752, 0.2, -24.365, 
4.85364, 734.028, 3116.4, 0.0148543, -0.242259, 0.2, -125.454, 
4.86362, 736.84, 3102.98, 0.0159615, -0.106759, 0.2, -51.4503, 
4.87359, 740.052, 2832.28, 0.0212742, -0.0860068, 0.2, -31.0983, 
4.88357, 742.938, 2777.62, 0.0230657, -0.0615923, 0.2, -20.5408, 
4.89354, 746.164, 2851.54, 0.0211545, -0.123849, 0.2, -45.0346, 
4.90351, 748.924, 2869.46, 0.021838, -0.116525, 0.2, -41.0452, 
4.91349, 752.137, 3085.87, 0.0170241, -0.10798, 0.2, -48.7905, 
4.92346, 755.061, 2831.81, 0.022947, -0.1092, 0.2, -36.6062, 
4.93344, 758.242, 3131.78, 0.0165131, -0.101876, 0.2, -47.4571, 
4.94341, 761.227, 2674.53, 0.0265495, -0.126291, 0.2, -36.5907, 
4.95339, 764.422, 3317.22, 0.0129347, -0.134836, 0.2, -80.1871, 
4.96336, 767.378, 2639.79, 0.0277056, -0.140939, 0.2, -39.1311, 
4.97334, 770.633, 3476.57, 0.00988475, -0.143381, 0.2, -111.579, 
4.98331, 773.534, 2540.57, 0.0302718, -0.103097, 0.2, -26.1977, 
4.99329, 776.866, 3312.85, 0.0136083, -0.171457, 0.2, -96.9192, 
5.00326, 779.721, 2401.19, 0.0336153, -0.0835653, 0.2, -19.1225, 
5.01324, 783.081, 3544.66, 0.00898904, -0.129953, 0.2, -111.206, 
5.02322, 785.863, 2565.24, 0.0305616, -0.0786824, 0.2, -19.8043, 
5.03319, 789.258, 3265.5, 0.0151077, -0.0774617, 0.2, -39.4408, 
5.04316, 792.187, 2513.71, 0.0314658, -0.0701374, 0.2, -17.1462, 
5.05314, 795.687, 3436.5, 0.0110415, -0.139719, 0.2, -97.3376, 
5.06311, 798.536, 2938.72, 0.0223189, -0.0969932, 0.2, -33.4292, 
5.07309, 801.947, 3323.37, 0.0134325, -0.0774617, 0.2, -44.3594, 
5.08306, 804.964, 2679.55, 0.0272656, -0.076241, 0.2, -21.5095, 
5.09303, 808.431, 3255.31, 0.0142068, -0.225169, 0.2, -121.919, 
5.10301, 811.381, 3151.3, 0.0169377, -0.200755, 0.2, -91.1732, 
5.11298, 814.747, 3435.47, 0.0102865, -0.170237, 0.2, -127.304, 
5.12296, 817.713, 2860.62, 0.0228499, -0.0896689, 0.2, -30.1867, 
5.13293, 821.079, 2958.06, 0.0200935, -0.0994347, 0.2, -38.0662, 
5.14291, 824.03, 2747.72, 0.0250453, -0.0860068, 0.2, -26.4157, 
5.15289, 827.301, 3122.79, 0.0167852, -0.132394, 0.2, -60.6735, 
5.16286, 830.086, 2764.13, 0.0253384, -0.105538, 0.2, -32.0396, 
5.17283, 833.307, 3044.01, 0.0192143, -0.0786824, 0.2, -31.5, 
5.18281, 836.341, 2780.04, 0.0250416, -0.0994347, 0.2, -30.5444, 
5.19278, 839.525, 3170.17, 0.0167193, -0.0750203, 0.2, -34.5157, 
5.20276, 842.611, 2723.73, 0.0262106, -0.122628, 0.2, -35.989, 
5.21273, 845.783, 3365.36, 0.0126592, -0.0957725, 0.2, -58.1958, 
5.22271, 848.828, 2597.77, 0.0290009, -0.127511, 0.2, -33.8216, 
5.23268, 852.042, 3449.82, 0.0109143, -0.12507, 0.2, -88.1479, 
5.24266, 855.032, 2533.13, 0.0305467, -0.126291, 0.2, -31.8027, 
5.25263, 858.33, 3487.08, 0.0100884, -0.173899, 0.2, -132.595, 
5.26261, 861.257, 2401.39, 0.0334406, -0.084786, 0.2, -19.5032, 
5.27258, 864.59, 3474.66, 0.0103546, -0.143381, 0.2, -106.516, 
5.28255, 867.436, 2508.33, 0.0314534, -0.0823446, 0.2, -20.1384, 
5.29253, 870.799, 3298.79, 0.0142119, -0.0774617, 0.2, -41.9267, 
5.30251, 873.718, 2495.25, 0.0316876, -0.0713581, 0.2, -17.3225, 
5.31248, 877.155, 3408.31, 0.0116585, -0.112863, 0.2, -74.4671, 
5.32246, 880.043, 2781.38, 0.0255355, -0.0860068, 0.2, -25.9087, 
5.33243, 883.424, 3299.46, 0.0139267, -0.0689166, 0.2, -38.0655, 
5.3424, 886.465, 2654.9, 0.0277046, -0.0750203, 0.2, -20.8297, 
5.35238, 889.894, 3421.97, 0.0107543, -0.19221, 0.2, -137.483, 
5.36235, 892.844, 3090.04, 0.0182555, -0.208079, 0.2, -87.678, 
5.37233, 896.182, 3415.2, 0.0108333, -0.132394, 0.2, -94.0079, 
5.3823, 899.166, 2801.57, 0.0241317, -0.0945518, 0.2, -30.1397, 
5.39228, 902.52, 3101.65, 0.017188, -0.120187, 0.2, -53.7885, 
5.40225, 905.446, 2676.92, 0.0267057, -0.105538, 0.2, -30.3993, 
5.41223, 908.696, 3169.71, 0.0160342, -0.118966, 0.2, -57.0732, 
5.4222, 911.547, 2689.64, 0.0269369, -0.0957725, 0.2, -27.3495, 
5.43218, 914.777, 3112.93, 0.017785, -0.0786824, 0.2, -34.0314, 
5.44215, 917.805, 2782.79, 0.0250134, -0.10798, 0.2, -33.2068, 
5.45213, 920.963, 3096.03, 0.018388, -0.0713581, 0.2, -29.8514, 
5.4621, 924.107, 2685.95, 0.0269382, -0.123849, 0.2, -35.3656, 
5.47208, 927.235, 3365.93, 0.0127354, -0.0945518, 0.2, -57.1104, 
5.48205, 930.325, 2730.79, 0.02615, -0.150705, 0.2, -44.3316, 
5.49203, 933.432, 3388.53, 0.0124538, -0.0823446, 0.2, -50.8618, 
5.502, 936.499, 2396.49, 0.033445, -0.084786, 0.2, -19.5007, 
5.51198, 939.767, 3436.64, 0.011252, -0.145822, 0.2, -99.6897, 
5.52196, 942.786, 2450.85, 0.0322569, -0.122628, 0.2, -29.2432, 
5.53193, 945.993, 3627.25, 0.00737614, -0.120187, 0.2, -125.339, 
5.5419, 948.876, 2293.32, 0.0360651, -0.0713581, 0.2, -15.2199, 
5.55188, 952.228, 3299.61, 0.0143396, -0.0811239, 0.2, -43.518, 
5.56185, 955.228, 2440.16, 0.0327353, -0.0811239, 0.2, -19.0629, 
5.57182, 958.591, 3520.07, 0.00942921, -0.106759, 0.2, -87.0935, 
5.5818, 961.514, 2658.76, 0.0281003, -0.0774617, 0.2, -21.2048, 
5.59178, 964.862, 3286.33, 0.0143235, -0.0689166, 0.2, -37.0111, 
5.60175, 967.959, 2569.02, 0.0294479, -0.0713581, 0.2, -18.64, 
5.61172, 971.343, 3491.39, 0.0093785, -0.189768, 0.2, -155.649, 
5.6217, 974.323, 3124.26, 0.0175314, -0.19343, 0.2, -84.8722, 
5.63167, 977.613, 3377.63, 0.011752, -0.098214, 0.2, -64.2863, 
5.64165, 980.632, 2728.99, 0.0256811, -0.098214, 0.2, -29.4182, 
5.65162, 983.98, 3180.85, 0.0155754, -0.14216, 0.2, -70.2092, 
5.6616, 986.936, 2746.96, 0.0252041, -0.134836, 0.2, -41.1519, 
5.67157, 990.137, 3181.5, 0.0158892, -0.116525, 0.2, -56.4122, 
5.68155, 993.01, 2599.02, 0.0288738, -0.0994347, 0.2, -26.4905, 
5.69152, 996.196, 3113.46, 0.0179422, -0.0799031, 0.2, -34.2566, 
5.7015, 999.251, 2712.75, 0.0265705, -0.104318, 0.2, -30.2005, 
5.71147, 1002.38, 3129.76, 0.0178573, -0.0786824, 0.2, -33.8937, 
5.72145, 1005.55, 2724.73, 0.0262399, -0.117746, 0.2, -34.5174, 
5.73142, 1008.61, 3269.45, 0.0150331, -0.076241, 0.2, -39.0119, 
5.7414, 1011.77, 2667.06, 0.0275684, -0.122628, 0.2, -34.2165, 
5.75137, 1014.87, 3427.62, 0.0117394, -0.0994347, 0.2, -65.1552, 
5.76134, 1018.01, 2578.46, 0.0295189, -0.136056, 0.2, -35.4548, 
5.77132, 1021.15, 3468.82, 0.0108552, -0.139719, 0.2, -99.0082, 
5.78129, 1024.24, 2479.89, 0.0316868, -0.133615, 0.2, -32.4365, 
5.79127, 1027.42, 3581.49, 0.00847821, -0.134836, 0.2, -122.337, 
5.80124, 1030.43, 2395.59, 0.0336816, -0.0945518, 0.2, -21.594, 
5.81122, 1033.68, 3332.92, 0.0137047, -0.098214, 0.2, -55.1265, 
5.82119, 1036.75, 2447.54, 0.0324512, -0.0835653, 0.2, -19.8085, 
5.83117, 1040.04, 3591.61, 0.00801265, -0.1092, 0.2, -104.835, 
5.84114, 1043.01, 2591.72, 0.0294566, -0.084786, 0.2, -22.1411, 
5.85112, 1046.3, 3265.85, 0.0148391, -0.0713581, 0.2, -36.9906, 
5.86109, 1049.44, 2546.54, 0.0298933, -0.0737995, 0.2, -18.9905, 
5.87107, 1052.77, 3481.42, 0.00972133, -0.139719, 0.2, -110.557, 
5.88104, 1055.8, 3017.08, 0.0197687, -0.173899, 0.2, -67.6668, 
5.89102, 1059.05, 3431.1, 0.0107377, -0.0835653, 0.2, -59.8648, 
5.90099, 1062.11, 2585.55, 0.0286731, -0.0860068, 0.2, -23.0736, 
5.91097, 1065.43, 3196.6, 0.0153288, -0.144601, 0.2, -72.5638, 
5.92094, 1068.41, 2792.05, 0.0242647, -0.164133, 0.2, -52.0329, 
5.93092, 1071.56, 3272.81, 0.0141564, -0.143381, 0.2, -77.9103, 
5.94089, 1074.46, 2628.88, 0.0283203, -0.12507, 0.2, -33.9712, 
5.95087, 1077.58, 3045.5, 0.0196419, -0.0884482, 0.2, -34.6387, 
5.96084, 1080.66, 2674.27, 0.0275832, -0.0969932, 0.2, -27.0492, 
5.97081, 1083.72, 3003.9, 0.0208846, -0.0713581, 0.2, -26.2829, 
5.98079, 1086.95, 2878.67, 0.0232126, -0.156809, 0.2, -51.9641, 
5.99076, 1089.93, 3127.9, 0.0184526, -0.0750203, 0.2, -31.2736, 
6.00074, 1093.13, 2746.43, 0.0262442, -0.114083, 0.2, -33.4385, 
6.01071, 1096.1, 3229.5, 0.0166216, -0.0689166, 0.2, -31.8939, 
6.02069, 1099.37, 2554.68, 0.030364, -0.123849, 0.2, -31.3755, 
6.03066, 1102.45, 3493.64, 0.010842, -0.147043, 0.2, -104.326, 
6.04064, 1105.66, 2662.06, 0.0280454, -0.178782, 0.2, -49.0363, 
6.05062, 1108.62, 3474.87, 0.0115405, -0.0945518, 0.2, -63.0234, 
6.06059, 1111.78, 2200.82, 0.0381502, -0.0811239, 0.2, -16.3572, 
6.07056, 1114.93, 3521.5, 0.0104239, -0.167795, 0.2, -123.824, 
6.08054, 1118.13, 2582.49, 0.0299112, -0.140939, 0.2, -36.2455, 
6.09051, 1121.29, 3486.83, 0.0108785, -0.111642, 0.2, -78.943, 
6.10049, 1124.39, 2444.94, 0.0328051, -0.0786824, 0.2, -18.4498, 
6.11046, 1127.63, 3284.07, 0.0149136, -0.0750203, 0.2, -38.6947, 
6.12044, 1130.82, 2601.6, 0.0290391, -0.0994347, 0.2, -26.3397, 
6.13041, 1134.04, 3392.34, 0.0122125, -0.0774617, 0.2, -48.7908, 
6.14039, 1137.15, 2774.43, 0.0252453, -0.0896689, 0.2, -27.3224, 
6.15036, 1140.38, 3379.05, 0.0122682, -0.084786, 0.2, -53.1617, 
6.16034, 1143.47, 2653.99, 0.0276013, -0.105538, 0.2, -29.4129, 
6.17031, 1146.7, 3277.65, 0.0142244, -0.131173, 0.2, -70.9362, 
6.18028, 1149.69, 2696.85, 0.0268459, -0.171457, 0.2, -49.1287, 
6.19026, 1152.78, 3289.92, 0.0145356, -0.144601, 0.2, -76.5239, 
6.20023, 1155.8, 2672.5, 0.0278197, -0.14216, 0.2, -39.308, 
6.21021, 1158.87, 3152.47, 0.017951, -0.127511, 0.2, -54.6407, 
6.22018, 1161.97, 2735.26, 0.0267948, -0.14216, 0.2, -40.8116, 
6.23016, 1165.01, 2996.55, 0.0216162, -0.0860068, 0.2, -30.6062, 
6.24013, 1168.27, 3040.8, 0.0202848, -0.166574, 0.2, -63.1677, 
6.25011, 1171.24, 3062, 0.0203303, -0.0737995, 0.2, -27.9233, 
6.26008, 1174.54, 2812.09, 0.0250899, -0.131173, 0.2, -40.2164, 
6.27006, 1177.47, 3097.64, 0.0197041, -0.0737995, 0.2, -28.8106, 
6.28003, 1180.81, 2771.05, 0.0259295, -0.138498, 0.2, -41.0871, 
6.29001, 1183.79, 3399.94, 0.0132104, -0.0945518, 0.2, -55.0569, 
6.29998, 1187.12, 2816.48, 0.0248444, -0.181223, 0.2, -56.1102, 
6.30996, 1190.03, 3332.94, 0.0147007, -0.0969932, 0.2, -50.7527, 
6.31993, 1193.31, 2360.34, 0.0346483, -0.0969932, 0.2, -21.5336, 
6.32991, 1196.36, 3507.49, 0.0108707, -0.170237, 0.2, -120.462, 
6.33988, 1199.64, 2697.61, 0.0273955, -0.15925, 0.2, -44.7153, 
6.34986, 1202.75, 3511.77, 0.0104012, -0.121408, 0.2, -89.7884, 
6.35983, 1205.91, 2402.64, 0.0335642, -0.0823446, 0.2, -18.8719, 
6.36981, 1209.09, 3258.53, 0.0154852, -0.0786824, 0.2, -39.0855, 
6.37978, 1212.32, 2621.1, 0.0285398, -0.1092, 0.2, -29.4327, 
6.38976, 1215.5, 3390.34, 0.0122974, -0.0835653, 0.2, -52.2718, 
6.39973, 1218.64, 2692.02, 0.0269132, -0.0786824, 0.2, -22.4889, 
6.40971, 1221.85, 3323.52, 0.0134721, -0.0750203, 0.2, -42.8352, 
6.41968, 1224.98, 2613.82, 0.0283145, -0.098214, 0.2, -26.6822, 
6.42965, 1228.2, 3338.98, 0.0128661, -0.136056, 0.2, -81.3446, 
6.43963, 1231.23, 2772.48, 0.0250611, -0.155588, 0.2, -47.7565, 
6.44961, 1234.29, 3211.86, 0.0160788, -0.12507, 0.2, -59.8349, 
6.45958, 1237.35, 2682.02, 0.0274044, -0.148264, 0.2, -41.617, 
6.46955, 1240.41, 3136.05, 0.018096, -0.131173, 0.2, -55.7598, 
6.47953, 1243.55, 2828.15, 0.0245208, -0.158029, 0.2, -49.5747, 
6.4895, 1246.59, 2935.9, 0.0225589, -0.098214, 0.2, -33.4897, 
6.49948, 1249.87, 3102.1, 0.0186486, -0.17634, 0.2, -72.7379, 
6.50945, 1252.82, 3072.49, 0.0198143, -0.0750203, 0.2, -29.1243, 
6.51943, 1256.12, 2823.4, 0.0245368, -0.123849, 0.2, -38.8267, 
6.5294, 1259.02, 3016.26, 0.0211835, -0.0701374, 0.2, -25.4688, 
6.53938, 1262.43, 2767.65, 0.0255709, -0.15925, 0.2, -47.9061, 
6.54935, 1265.36, 3411.93, 0.012688, -0.1092, 0.2, -66.2044, 
6.55933, 1268.71, 2969.76, 0.0212806, -0.205637, 0.2, -74.3318, 
6.5693, 1271.55, 3278.56, 0.0157077, -0.0774617, 0.2, -37.9341, 
6.57928, 1274.9, 2337.38, 0.0347609, -0.10798, 0.2, -23.8951, 
6.58926, 1277.88, 3538.06, 0.0101008, -0.175119, 0.2, -133.362, 
6.59922, 1281.18, 2703.58, 0.0270518, -0.172678, 0.2, -49.1019, 
6.6092, 1284.25, 3469.15, 0.0112159, -0.132394, 0.2, -90.8012, 
6.61917, 1287.5, 2524.65, 0.0306683, -0.103097, 0.2, -25.859, 
6.62916, 1290.62, 3223.56, 0.0160736, -0.0774617, 0.2, -37.0708, 
6.63913, 1293.86, 2606.3, 0.0286791, -0.114083, 0.2, -30.5995, 
6.6491, 1296.98, 3321.26, 0.0137368, -0.0750203, 0.2, -42.0098, 
6.65907, 1300.16, 2643.43, 0.0277993, -0.0701374, 0.2, -19.4076, 
6.66905, 1303.32, 3261.92, 0.0147703, -0.0652545, 0.2, -33.9842, 
6.67902, 1306.49, 2615.66, 0.0281917, -0.0969932, 0.2, -26.4653, 
6.689, 1309.66, 3320.56, 0.0133262, -0.121408, 0.2, -70.0803, 
6.69897, 1312.72, 2738.76, 0.0257148, -0.147043, 0.2, -43.9863, 
6.70895, 1315.76, 3258.87, 0.0151039, -0.127511, 0.2, -64.9405, 
6.71892, 1318.85, 2689.69, 0.0271495, -0.149484, 0.2, -42.3537, 
6.7289, 1321.9, 3157.93, 0.0175973, -0.137277, 0.2, -60.0078, 
6.73887, 1325.08, 2886.11, 0.023143, -0.169016, 0.2, -56.1777, 
6.74885, 1328.12, 3002.14, 0.0210101, -0.116525, 0.2, -42.6625, 
6.75882, 1331.39, 3135.73, 0.0178001, -0.188547, 0.2, -81.4807, 
6.7688, 1334.32, 2919.03, 0.022962, -0.0786824, 0.2, -26.3587, 
6.77877, 1337.62, 2863.43, 0.0236031, -0.132394, 0.2, -43.1476, 
6.78875, 1340.51, 2954.44, 0.0224467, -0.0713581, 0.2, -24.4538, 
6.79872, 1343.93, 2977.74, 0.0211048, -0.175119, 0.2, -63.8279, 
6.8087, 1346.81, 3252.36, 0.0161078, -0.0969932, 0.2, -46.3192, 
6.81867, 1350.22, 3005.66, 0.0204401, -0.182444, 0.2, -68.6597, 
6.82865, 1353.06, 3208.79, 0.0170808, -0.0835653, 0.2, -37.6336, 
6.83862, 1356.47, 2560.26, 0.0298135, -0.143381, 0.2, -36.9943, 
6.84859, 1359.38, 3467.07, 0.0114993, -0.162912, 0.2, -108.978, 
6.85857, 1362.72, 2794.08, 0.0249641, -0.182444, 0.2, -56.2173, 
6.86854, 1365.72, 3413.93, 0.0123991, -0.131173, 0.2, -81.3788, 
6.87852, 1369.04, 2583.79, 0.0292259, -0.120187, 0.2, -31.6334, 
6.88849, 1372.15, 3322.63, 0.0138311, -0.101876, 0.2, -56.6597, 
6.89847, 1375.43, 2666.55, 0.02711, -0.129953, 0.2, -36.8733, 
6.90844, 1378.52, 3266.29, 0.0147039, -0.0750203, 0.2, -39.2467, 
6.91842, 1381.71, 2610.55, 0.0282439, -0.076241, 0.2, -20.7644, 
6.92839, 1384.83, 3248.69, 0.0149342, -0.0774617, 0.2, -39.899, 
6.93837, 1388.01, 2645.14, 0.0274311, -0.098214, 0.2, -27.5414, 
6.94834, 1391.12, 3243.17, 0.0149831, -0.104318, 0.2, -53.5566, 
6.95832, 1394.22, 2687.9, 0.0267146, -0.12507, 0.2, -36.0131, 
6.96829, 1397.22, 3210.78, 0.0161687, -0.122628, 0.2, -58.3407, 
6.97827, 1400.35, 2766.4, 0.0254742, -0.134836, 0.2, -40.7156, 
6.98824, 1403.37, 3103.69, 0.0187574, -0.136056, 0.2, -55.796, 
6.99822, 1406.55, 2903.01, 0.0228194, -0.167795, 0.2, -56.5628, 
7.00819, 1409.57, 3006.99, 0.0209865, -0.14216, 0.2, -52.1068, 
7.01817, 1412.83, 3231.41, 0.0159161, -0.203196, 0.2, -98.2053, 
7.02814, 1415.77, 2888.92, 0.023671, -0.084786, 0.2, -27.5527, 
7.03812, 1419.08, 2906.2, 0.022777, -0.122628, 0.2, -41.4144, 
7.04809, 1421.96, 2831.67, 0.0251116, -0.0676959, 0.2, -20.7369, 
7.05806, 1425.4, 3126.26, 0.0179931, -0.211741, 0.2, -90.5222, 
7.06804, 1428.24, 3159.4, 0.0182049, -0.0945518, 0.2, -39.952, 
7.07801, 1431.66, 3014.18, 0.0203538, -0.153146, 0.2, -57.8787, 
7.08799, 1434.45, 3040.8, 0.0208369, -0.0774617, 0.2, -28.5964, 
7.09796, 1437.96, 2822.03, 0.024301, -0.205637, 0.2, -65.0931, 
7.10794, 1440.79, 3386.47, 0.013376, -0.139719, 0.2, -80.3499, 
7.11791, 1444.21, 3028.45, 0.0200117, -0.188547, 0.2, -72.4758, 
7.12789, 1447.14, 3302.33, 0.0148888, -0.114083, 0.2, -58.9412, 
7.13786, 1450.53, 2630.52, 0.0282137, -0.149484, 0.2, -40.756, 
7.14784, 1453.54, 3326.97, 0.0139794, -0.134836, 0.2, -74.1949, 
7.15781, 1456.89, 2845.17, 0.0234277, -0.149484, 0.2, -49.0821, 
7.16779, 1459.91, 3156.66, 0.017264, -0.0786824, 0.2, -35.0584, 
7.17776, 1463.17, 2582.64, 0.0288928, -0.0884482, 0.2, -23.5481, 
7.18774, 1466.21, 3154.69, 0.0171871, -0.0750203, 0.2, -33.5763, 
7.19771, 1469.44, 2658.85, 0.0272938, -0.0957725, 0.2, -26.9919, 
7.20769, 1472.47, 3253.75, 0.0151383, -0.0969932, 0.2, -49.2856, 
7.21766, 1475.63, 2680.68, 0.0270574, -0.118966, 0.2, -33.8216, 
7.22763, 1478.57, 3156.2, 0.0176614, -0.111642, 0.2, -48.625, 
7.23761, 1481.78, 2817.18, 0.0245618, -0.136056, 0.2, -42.6104, 
7.24759, 1484.76, 3098.13, 0.0191161, -0.127511, 0.2, -51.3106, 
7.25756, 1487.97, 2970.16, 0.0215787, -0.158029, 0.2, -56.3339, 
7.26754, 1490.97, 2993.98, 0.0214846, -0.165354, 0.2, -59.2028, 
7.27751, 1494.21, 3247.61, 0.0158559, -0.173899, 0.2, -84.3652, 
7.28748, 1497.19, 2817.47, 0.0253229, -0.0884482, 0.2, -26.8678, 
7.29746, 1500.52, 3088.77, 0.0190426, -0.173899, 0.2, -70.2469, 
7.30743, 1503.38, 2700.23, 0.027991, -0.0701374, 0.2, -19.2747, 
7.31741, 1506.81, 3207.67, 0.0164857, -0.195872, 0.2, -91.3948, 
7.32738, 1509.66, 3036.58, 0.0209162, -0.0823446, 0.2, -30.2836, 
7.33736, 1513.09, 3052.52, 0.019702, -0.1092, 0.2, -42.6354, 
7.34733, 1515.85, 2834.54, 0.0253969, -0.0811239, 0.2, -24.5711, 
7.35731, 1519.38, 3031.95, 0.0200623, -0.211741, 0.2, -81.1858, 
7.36728, 1522.16, 3265.75, 0.0162393, -0.104318, 0.2, -49.4135, 
7.37726, 1525.64, 3152.76, 0.0175504, -0.175119, 0.2, -76.7544, 
7.38723, 1528.56, 3217.59, 0.0168398, -0.10798, 0.2, -49.3245, 
7.39721, 1532.01, 2824.88, 0.0241203, -0.195872, 0.2, -62.4663, 
7.40718, 1534.96, 3333.42, 0.0139986, -0.155588, 0.2, -85.4964, 
7.41716, 1538.35, 2929.51, 0.0216961, -0.180002, 0.2, -63.8194, 
7.42713, 1541.35, 3132.15, 0.0178694, -0.0957725, 0.2, -41.2276, 
7.43711, 1544.68, 2741.37, 0.0254529, -0.126291, 0.2, -38.1673, 
7.44708, 1547.67, 3094.34, 0.0184905, -0.0774617, 0.2, -32.2252, 
7.45705, 1550.92, 2701.91, 0.0263701, -0.10798, 0.2, -31.4984, 
7.46703, 1553.89, 3130.94, 0.0178754, -0.098214, 0.2, -42.2643, 
7.477, 1557.11, 2753.51, 0.0255201, -0.098214, 0.2, -29.6038, 
7.48698, 1560.02, 3017.15, 0.020667, -0.101876, 0.2, -37.9185, 
7.49696, 1563.26, 2861.77, 0.0236136, -0.120187, 0.2, -39.1518, 
7.50693, 1566.22, 3051.3, 0.0201616, -0.127511, 0.2, -48.6496, 
7.5169, 1569.44, 3022.46, 0.0205038, -0.149484, 0.2, -56.0812, 
7.52688, 1572.45, 3016.81, 0.0210004, -0.153146, 0.2, -56.0967, 
7.53685, 1575.65, 3202.57, 0.0168936, -0.140939, 0.2, -64.175, 
7.54683, 1578.66, 2782.73, 0.0260516, -0.0945518, 0.2, -27.9185, 
7.5568, 1582, 3197.78, 0.0167577, -0.205637, 0.2, -94.394, 
7.56678, 1584.89, 2711.02, 0.0276846, -0.0835653, 0.2, -23.219, 
7.57675, 1588.3, 3289.95, 0.0147276, -0.181223, 0.2, -94.6536, 
7.58673, 1591.13, 2918.65, 0.0234122, -0.0884482, 0.2, -29.0606, 
7.5967, 1594.56, 3064.89, 0.0194485, -0.0969932, 0.2, -38.363, 
7.60668, 1597.33, 2685.44, 0.0284811, -0.076241, 0.2, -20.5915, 
7.61665, 1600.87, 3280.07, 0.0148289, -0.194651, 0.2, -100.973, 
7.62663, 1603.57, 3049.63, 0.0209401, -0.0994347, 0.2, -36.5272, 
7.6366, 1607.09, 3174.99, 0.0171745, -0.15925, 0.2, -71.3269, 
7.64658, 1610, 3097.45, 0.0194781, -0.098214, 0.2, -38.7867, 
7.65655, 1613.46, 3086.58, 0.0187124, -0.190989, 0.2, -78.5119, 
7.66653, 1616.36, 3221.3, 0.016578, -0.164133, 0.2, -76.1587, 
7.6765, 1619.78, 3083.84, 0.0186166, -0.22639, 0.2, -93.5433, 
7.68648, 1622.72, 3087.44, 0.0191086, -0.120187, 0.2, -48.3822, 
7.69645, 1626.1, 2960.2, 0.0210347, -0.153146, 0.2, -56.0051, 
7.70642, 1629.04, 3033.82, 0.0200999, -0.0908896, 0.2, -34.7837, 
7.7164, 1632.33, 2761.62, 0.0253118, -0.120187, 0.2, -36.5251, 
7.72637, 1635.25, 3019.5, 0.0205618, -0.0896689, 0.2, -33.5458, 
7.73635, 1638.49, 2807.07, 0.0246695, -0.1092, 0.2, -34.0503, 
7.74632, 1641.39, 2948.52, 0.0224292, -0.105538, 0.2, -36.1953, 
7.7563, 1644.65, 2946.14, 0.0220943, -0.1092, 0.2, -38.019, 
7.76627, 1647.59, 2933.67, 0.0229242, -0.105538, 0.2, -35.4137, 
7.77625, 1650.83, 3056.88, 0.0200239, -0.137277, 0.2, -52.7358, 
7.78622, 1653.87, 2977.58, 0.0219782, -0.136056, 0.2, -47.6192, 
7.7962, 1657.07, 3220.02, 0.01669, -0.10798, 0.2, -49.7672, 
7.80617, 1660.1, 2753.43, 0.026787, -0.110421, 0.2, -31.7092, 
7.81615, 1663.39, 3319.69, 0.0144633, -0.190989, 0.2, -101.577, 
7.82613, 1666.33, 2714.15, 0.0277269, -0.0945518, 0.2, -26.2317, 
7.8361, 1669.7, 3411.31, 0.0124209, -0.203196, 0.2, -125.84, 
7.84607, 1672.57, 2763.23, 0.0267685, -0.0750203, 0.2, -21.5582, 
7.85604, 1676.01, 3117.54, 0.0184202, -0.0957725, 0.2, -39.9948, 
7.86602, 1678.81, 2588.25, 0.0305445, -0.076241, 0.2, -19.2005, 
7.87599, 1682.3, 3337.24, 0.0137584, -0.182444, 0.2, -102.004, 
7.88597, 1685.05, 2949.64, 0.0230347, -0.100655, 0.2, -33.6134, 
7.89595, 1688.53, 3215.99, 0.0164177, -0.136056, 0.2, -63.7476, 
7.90592, 1691.42, 2984.11, 0.0219886, -0.0884482, 0.2, -30.9419, 
7.91589, 1694.95, 3214.32, 0.0159922, -0.178782, 0.2, -85.9947, 
7.92587, 1697.86, 3223.48, 0.016454, -0.161692, 0.2, -75.5913, 
7.93584, 1701.29, 3254.76, 0.0149328, -0.221507, 0.2, -114.104, 
7.94582, 1704.2, 3003.83, 0.020856, -0.12507, 0.2, -46.1295, 
7.95579, 1707.57, 3042.56, 0.0193306, -0.186106, 0.2, -74.0579, 
7.96577, 1710.47, 2962.24, 0.0217033, -0.104318, 0.2, -36.9733, 
7.97574, 1713.8, 2921, 0.0219889, -0.14216, 0.2, -49.7315, 
7.98572, 1716.68, 2885.72, 0.0234756, -0.0908896, 0.2, -29.782, 
7.99569, 1719.95, 2869.6, 0.0234341, -0.121408, 0.2, -39.8524, 
8.00567, 1722.84, 2863.76, 0.0242658, -0.0872275, 0.2, -27.6513, 
8.01564, 1726.09, 3010.75, 0.0208391, -0.116525, 0.2, -43.0127, 
8.02562, 1729.03, 2920.83, 0.0233004, -0.104318, 0.2, -34.4391, 
8.03559, 1732.26, 3052.04, 0.0202686, -0.117746, 0.2, -44.6866, 
8.04557, 1735.31, 2956.67, 0.0225204, -0.128732, 0.2, -43.971, 
8.05554, 1738.49, 3198.92, 0.017317, -0.10798, 0.2, -47.9652, 
8.06552, 1741.58, 2745.84, 0.0269366, -0.104318, 0.2, -29.79, 
8.0755, 1744.84, 3282.81, 0.0153117, -0.160471, 0.2, -80.6177, 
8.08547, 1747.81, 2664.67, 0.0287483, -0.111642, 0.2, -29.8725, 
8.09544, 1751.11, 3484.53, 0.0110551, -0.180002, 0.2, -125.249, 
8.10541, 1754.03, 2655.46, 0.0290769, -0.0823446, 0.2, -21.7843, 
8.11539, 1757.49, 3250.04, 0.0156437, -0.0872275, 0.2, -42.8913, 
8.12536, 1760.31, 2468.35, 0.0329676, -0.0786824, 0.2, -18.3589, 
8.13534, 1763.77, 3389.5, 0.0126867, -0.167795, 0.2, -101.739, 
8.14531, 1766.53, 2831.37, 0.0254909, -0.0908896, 0.2, -27.4275, 
8.15529, 1769.96, 3264.9, 0.0155117, -0.0884482, 0.2, -43.8617, 
8.16526, 1772.87, 2731.42, 0.0273825, -0.0737995, 0.2, -20.7318, 
8.17524, 1776.41, 3277.57, 0.0147143, -0.190989, 0.2, -99.8445, 
8.18521, 1779.3, 3155.02, 0.0180261, -0.138498, 0.2, -59.1014, 
8.19519, 1782.73, 3303.39, 0.0140104, -0.153146, 0.2, -84.0838, 
8.20516, 1785.67, 2937.26, 0.0222607, -0.132394, 0.2, -45.7496, 
8.21514, 1789.04, 3121.38, 0.0176826, -0.22639, 0.2, -98.4844, 
8.22511, 1791.92, 2934.18, 0.0223859, -0.117746, 0.2, -40.4601, 
8.23509, 1795.24, 3056.18, 0.0192535, -0.15925, 0.2, -63.6247, 
8.24506, 1798.13, 2888.69, 0.0235142, -0.0994347, 0.2, -32.5285, 
8.25504, 1801.4, 2932.98, 0.0221604, -0.122628, 0.2, -42.5668, 
8.26501, 1804.29, 2757.35, 0.0265627, -0.0896689, 0.2, -25.9673, 
8.27499, 1807.53, 3057.05, 0.0199752, -0.131173, 0.2, -50.5141, 
8.28496, 1810.49, 2849.72, 0.024871, -0.10798, 0.2, -33.3969, 
8.29493, 1813.71, 3093.26, 0.0194896, -0.101876, 0.2, -40.2093, 
8.30491, 1816.75, 2895.54, 0.0238886, -0.120187, 0.2, -38.7011, 
8.31488, 1819.93, 3159.66, 0.0182444, -0.0884482, 0.2, -37.2921, 
8.32486, 1823.04, 2762.16, 0.0266257, -0.115304, 0.2, -33.312, 
8.33484, 1826.25, 3328.56, 0.014541, -0.136056, 0.2, -71.9747, 
8.34481, 1829.28, 2730.78, 0.0273779, -0.147043, 0.2, -41.3143, 
8.35478, 1832.52, 3409.28, 0.0128322, -0.138498, 0.2, -83.0233, 
8.36476, 1835.5, 2598.12, 0.0302964, -0.0896689, 0.2, -22.7671, 
8.37473, 1838.91, 3328.4, 0.0141737, -0.129953, 0.2, -70.5276, 
8.38471, 1841.78, 2428.03, 0.0338181, -0.0811239, 0.2, -18.4526, 
8.39468, 1845.18, 3435.47, 0.0119159, -0.144601, 0.2, -93.3471, 
8.40466, 1847.99, 2696.27, 0.0283638, -0.0835653, 0.2, -22.663, 
8.41463, 1851.41, 3263.78, 0.015628, -0.0921104, 0.2, -45.338, 
8.42461, 1854.35, 2656.44, 0.0289339, -0.0737995, 0.2, -19.6202, 
8.43458, 1857.86, 3406.9, 0.0120905, -0.161692, 0.2, -102.872, 
8.44456, 1860.73, 2999.11, 0.0214099, -0.103097, 0.2, -37.0414, 
8.45453, 1864.18, 3337.94, 0.0133538, -0.127511, 0.2, -73.4517, 
8.46451, 1867.16, 2926.07, 0.0224465, -0.133615, 0.2, -45.7891, 
8.47448, 1870.54, 3327.94, 0.0133034, -0.230052, 0.2, -133.02, 
8.48446, 1873.4, 2862.72, 0.0238655, -0.12507, 0.2, -40.3124, 
8.49443, 1876.72, 3083.28, 0.0186852, -0.169016, 0.2, -69.5802, 
8.50441, 1879.58, 2787.27, 0.0256903, -0.105538, 0.2, -31.6008, 
8.51438, 1882.86, 3033.65, 0.0201171, -0.133615, 0.2, -51.0911, 
8.52436, 1885.76, 2814.23, 0.0253916, -0.0994347, 0.2, -30.1234, 
8.53433, 1888.98, 3028.29, 0.0206589, -0.122628, 0.2, -45.6604, 
8.5443, 1891.93, 2802.2, 0.0259365, -0.098214, 0.2, -29.1286, 
8.55428, 1895.14, 3092.19, 0.0196347, -0.0957725, 0.2, -37.5209, 
8.56426, 1898.21, 2879.66, 0.0242894, -0.10798, 0.2, -34.1966, 
8.57423, 1901.35, 3084.67, 0.0199702, -0.0786824, 0.2, -30.3076, 
8.5842, 1904.52, 2762.45, 0.0266153, -0.116525, 0.2, -33.6778, 
8.59418, 1907.71, 3328.98, 0.0145709, -0.116525, 0.2, -61.5161, 
8.60415, 1910.79, 2739.07, 0.0270794, -0.132394, 0.2, -37.6085, 
8.61413, 1914, 3437.48, 0.0122262, -0.103097, 0.2, -64.8648, 
8.6241, 1917.01, 2545.58, 0.0312917, -0.101876, 0.2, -25.0438, 
8.63408, 1920.36, 3374.63, 0.0132823, -0.158029, 0.2, -91.5208, 
8.64405, 1923.28, 2400.8, 0.0343057, -0.0799031, 0.2, -17.9166, 
8.65403, 1926.63, 3556.87, 0.00944494, -0.129953, 0.2, -105.838, 
8.664, 1929.49, 2552.43, 0.0313347, -0.0896689, 0.2, -22.0127, 
8.67398, 1932.87, 3217.22, 0.0166467, -0.0823446, 0.2, -38.0508, 
8.68395, 1935.85, 2612.11, 0.029771, -0.0737995, 0.2, -19.0685, 
8.69393, 1939.3, 3452.7, 0.0112197, -0.133615, 0.2, -91.6073, 
8.7039, 1942.18, 2853.55, 0.0245458, -0.0799031, 0.2, -25.0405, 
8.71388, 1945.6, 3280.25, 0.0147281, -0.116525, 0.2, -60.8594, 
8.72385, 1948.6, 2830.99, 0.0245512, -0.127511, 0.2, -39.9514, 
8.73383, 1951.96, 3374.38, 0.0124944, -0.181223, 0.2, -111.572, 
8.7438, 1954.86, 2855.26, 0.0240734, -0.136056, 0.2, -43.4749, 
8.75378, 1958.16, 3212.17, 0.0160962, -0.178782, 0.2, -85.4392, 
8.76376, 1961, 2724.63, 0.0271781, -0.120187, 0.2, -34.0169, 
8.77372, 1964.25, 3106.37, 0.0188485, -0.140939, 0.2, -57.519, 
8.7837, 1967.17, 2786.56, 0.0261625, -0.12507, 0.2, -36.7731, 
8.79368, 1970.38, 3160.06, 0.0181409, -0.117746, 0.2, -49.9278, 
8.80365, 1973.35, 2766.56, 0.0268539, -0.1092, 0.2, -31.2805, 
8.81362, 1976.54, 3111.26, 0.0194617, -0.0884482, 0.2, -34.9595, 
8.8236, 1979.62, 2867.27, 0.024725, -0.112863, 0.2, -35.1132, 
8.83357, 1982.77, 3092.21, 0.0199901, -0.0701374, 0.2, -26.9892, 
8.84355, 1985.98, 2787.33, 0.0261528, -0.121408, 0.2, -35.7096, 
8.85352, 1989.11, 3295.46, 0.0155034, -0.0994347, 0.2, -49.3363, 
8.8635, 1992.24, 2783.91, 0.0262296, -0.144601, 0.2, -42.407, 
8.87347, 1995.4, 3433.2, 0.0125609, -0.100655, 0.2, -61.6415, 
8.88345, 1998.49, 2535.44, 0.0314926, -0.105538, 0.2, -25.7785, 
8.89342, 2001.8, 3404.9, 0.0127343, -0.147043, 0.2, -88.8227, 
8.9034, 2004.78, 2404.73, 0.034158, -0.0896689, 0.2, -20.1933, 
8.91337, 2008.04, 3553.93, 0.00970402, -0.137277, 0.2, -108.819, 
8.92335, 2010.97, 2485.56, 0.032704, -0.0835653, 0.2, -19.6554, 
8.93332, 2014.31, 3320.6, 0.0145992, -0.0786824, 0.2, -41.4576, 
8.9433, 2017.32, 2544.54, 0.031219, -0.076241, 0.2, -18.7857, 
8.95327, 2020.73, 3441.91, 0.0115769, -0.112863, 0.2, -74.992, 
8.96324, 2023.67, 2761.97, 0.02642, -0.0689166, 0.2, -20.0654, 
8.97322, 2027.05, 3322.59, 0.0139328, -0.0933311, 0.2, -51.5281, 
8.9832, 2030.07, 2759.32, 0.0260768, -0.105538, 0.2, -31.1324, 
8.99317, 2033.4, 3413.58, 0.011768, -0.12507, 0.2, -81.7538, 
9.00314, 2036.34, 2799.47, 0.0252146, -0.114083, 0.2, -34.8039, 
9.01312, 2039.64, 3256.44, 0.0151586, -0.162912, 0.2, -82.6704, 
9.02309, 2042.52, 2759.25, 0.0263178, -0.128732, 0.2, -37.6265, 
9.03307, 2045.74, 3123.37, 0.0184278, -0.147043, 0.2, -61.3801, 
9.04304, 2048.67, 2788.02, 0.0260582, -0.143381, 0.2, -42.3256, 
9.05302, 2051.84, 3186.46, 0.0176123, -0.128732, 0.2, -56.2248, 
9.06299, 2054.85, 2783.23, 0.0264441, -0.117746, 0.2, -34.2509, 
9.07297, 2058.02, 3098.2, 0.0197385, -0.0908896, 0.2, -35.4206, 
9.08294, 2061.14, 2863.03, 0.024695, -0.104318, 0.2, -32.4941, 
9.09292, 2064.27, 3055.85, 0.0206696, -0.0713581, 0.2, -26.5564, 
9.10289, 2067.49, 2830.23, 0.0251483, -0.112863, 0.2, -34.5222, 
9.11287, 2070.58, 3295.82, 0.0155094, -0.0835653, 0.2, -41.4465, 
9.12284, 2073.75, 2725.48, 0.0273501, -0.128732, 0.2, -36.2063, 
9.13282, 2076.88, 3390.89, 0.0134374, -0.0957725, 0.2, -54.8256, 
9.14279, 2080.02, 2574.78, 0.0305006, -0.103097, 0.2, -26.0012, 
9.15277, 2083.26, 3483.51, 0.0111359, -0.137277, 0.2, -94.8265, 
9.16274, 2086.31, 2442.97, 0.0332024, -0.118966, 0.2, -27.562, 
9.17272, 2089.48, 3471.2, 0.0115671, -0.127511, 0.2, -84.7972, 
9.18269, 2092.46, 2433.85, 0.0337243, -0.0860068, 0.2, -19.6176, 
9.19267, 2095.74, 3339.83, 0.0143116, -0.0835653, 0.2, -44.9155, 
9.20264, 2098.8, 2489.13, 0.0323602, -0.0811239, 0.2, -19.2839, 
9.21261, 2102.16, 3464.2, 0.0112689, -0.103097, 0.2, -70.3751, 
9.22259, 2105.13, 2681.48, 0.0281461, -0.0750203, 0.2, -20.503, 
9.23256, 2108.47, 3293.51, 0.014706, -0.0811239, 0.2, -42.4337, 
9.24254, 2111.53, 2674.15, 0.0278837, -0.0811239, 0.2, -22.3798, 
9.25251, 2114.81, 3411.82, 0.0120025, -0.120187, 0.2, -77.0267, 
9.26249, 2117.76, 2747.17, 0.0264742, -0.131173, 0.2, -38.1135, 
9.27246, 2121.02, 3367.99, 0.0131022, -0.127511, 0.2, -74.862, 
9.28244, 2123.97, 2751.64, 0.0265548, -0.134836, 0.2, -39.0588, 
9.29241, 2127.19, 3223.24, 0.016408, -0.148264, 0.2, -69.5083, 
9.30239, 2130.16, 2779.05, 0.0262189, -0.156809, 0.2, -46.0058, 
9.31236, 2133.3, 3178.97, 0.0178112, -0.140939, 0.2, -60.8688, 
9.32234, 2136.33, 2792, 0.0262242, -0.12507, 0.2, -36.6866, 
9.33231, 2139.5, 3155.38, 0.0185269, -0.100655, 0.2, -41.7917, 
9.34229, 2142.65, 2873.21, 0.0243976, -0.105538, 0.2, -33.2752, 
9.35226, 2145.76, 3010.44, 0.0215763, -0.0750203, 0.2, -26.746, 
9.36224, 2149, 2858.99, 0.0244319, -0.138498, 0.2, -43.6055, 
9.37221, 2152.06, 3217.28, 0.0171477, -0.0799031, 0.2, -35.8438, 
9.38218, 2155.24, 2787.29, 0.0260054, -0.137277, 0.2, -40.6061, 
9.39216, 2158.29, 3267.31, 0.0162212, -0.076241, 0.2, -36.1545, 
9.40213, 2161.5, 2545.21, 0.0311043, -0.106759, 0.2, -26.4022, 
9.41211, 2164.69, 3504.25, 0.0108542, -0.144601, 0.2, -102.479, 
9.42209, 2167.81, 2554.9, 0.0307704, -0.143381, 0.2, -35.8438, 
9.43206, 2170.91, 3502.45, 0.0110306, -0.116525, 0.2, -81.2596, 
9.44203, 2173.96, 2369.35, 0.0349972, -0.0896689, 0.2, -19.709, 
9.45201, 2177.19, 3350.65, 0.0141716, -0.1092, 0.2, -59.2738, 
9.46199, 2180.3, 2488.58, 0.0323066, -0.0945518, 0.2, -22.5131, 
9.47196, 2183.59, 3547.49, 0.0096434, -0.0957725, 0.2, -76.3955, 
9.48194, 2186.6, 2539.1, 0.0311508, -0.0701374, 0.2, -17.3196, 
9.49191, 2189.91, 3266.57, 0.0153749, -0.0750203, 0.2, -37.5337, 
9.50188, 2193.04, 2643.16, 0.0284439, -0.0835653, 0.2, -22.5992, 
9.51186, 2196.28, 3402.81, 0.0122165, -0.101876, 0.2, -64.1479, 
9.52183, 2199.26, 2747.4, 0.0263915, -0.111642, 0.2, -32.5402, 
9.53181, 2202.47, 3316.88, 0.0142359, -0.116525, 0.2, -62.9638, 
9.54178, 2205.47, 2722.47, 0.0271085, -0.116525, 0.2, -33.0651, 
9.55176, 2208.66, 3253.14, 0.0158098, -0.149484, 0.2, -72.7322, 
9.56173, 2211.66, 2829.27, 0.0250796, -0.155588, 0.2, -47.7212, 
9.57171, 2214.77, 3165.71, 0.0181237, -0.137277, 0.2, -58.265, 
9.58168, 2217.81, 2791.9, 0.0262128, -0.14216, 0.2, -41.7177, 
9.59166, 2220.95, 3115.25, 0.019453, -0.118966, 0.2, -47.0429, 
9.60163, 2224.1, 2836.53, 0.0252112, -0.0994347, 0.2, -30.339, 
9.61161, 2227.21, 3027.17, 0.0212958, -0.0786824, 0.2, -28.421, 
9.62158, 2230.46, 2912.8, 0.023341, -0.165354, 0.2, -54.4942, 
9.63155, 2233.49, 3169.6, 0.0182889, -0.0799031, 0.2, -33.6073, 
9.64153, 2236.73, 2773.86, 0.026257, -0.111642, 0.2, -32.7069, 
9.6515, 2239.75, 3245.71, 0.0167034, -0.0713581, 0.2, -32.862, 
9.66148, 2243.01, 2579.1, 0.0302881, -0.120187, 0.2, -30.524, 
9.67145, 2246.12, 3434.46, 0.0124535, -0.131173, 0.2, -81.0232, 
9.68143, 2249.31, 2601.25, 0.0297265, -0.143381, 0.2, -37.1026, 
9.6914, 2252.35, 3501.94, 0.0111371, -0.10798, 0.2, -74.5806, 
9.70138, 2255.49, 2414.05, 0.0339044, -0.106759, 0.2, -24.2218, 
9.71135, 2258.65, 3314.1, 0.0149723, -0.127511, 0.2, -65.5113, 
9.72133, 2261.81, 2530.3, 0.0313161, -0.10798, 0.2, -26.5236, 
9.7313, 2265.01, 3544.34, 0.00988194, -0.104318, 0.2, -81.203, 
9.74128, 2268.11, 2493.32, 0.0320163, -0.076241, 0.2, -18.3178, 
9.75125, 2271.39, 3259.8, 0.0155016, -0.0774617, 0.2, -38.4385, 
9.76123, 2274.53, 2589.85, 0.0295072, -0.0933311, 0.2, -24.3307, 
9.7712, 2277.7, 3343.04, 0.0136363, -0.0811239, 0.2, -45.7624, 
9.78118, 2280.73, 2633.37, 0.0288136, -0.084786, 0.2, -22.6351, 
9.79115, 2283.91, 3307.72, 0.0145444, -0.10798, 0.2, -57.1087, 
9.80113, 2286.92, 2651.74, 0.028653, -0.112863, 0.2, -30.2995, 
9.8111, 2290.06, 3277.27, 0.0155189, -0.138498, 0.2, -68.6497, 
9.82108, 2293.12, 2848.37, 0.0247545, -0.132394, 0.2, -41.1406, 
9.83105, 2296.22, 3207.64, 0.017308, -0.132394, 0.2, -58.8407, 
9.84103, 2299.31, 2823.62, 0.0255067, -0.151926, 0.2, -45.8178, 
9.851, 2302.39, 3095.79, 0.0199412, -0.129953, 0.2, -50.1292, 
9.86097, 2305.55, 2869.73, 0.0246018, -0.133615, 0.2, -41.7777, 
9.87095, 2308.64, 2988.76, 0.022254, -0.0835653, 0.2, -28.8852, 
9.88092, 2311.92, 3052.39, 0.0204657, -0.170237, 0.2, -63.9858, 
