Time [sec], Input Angle [rad], Input Speed [rpm], Input Voltage [V], Output Torque [Nm], Brake Torque [Nm], Efficiency [%], 
0, 0, 0, 0, 0, 0, 0, 
0, 0, 0, 0, 0, 0, 0, 
0, 0, 0, 0, 0, 0, 0, 
0, 0, 0, 0, 0, 0, 0, 
0, 0, 0, 0, 0, 0, 0, 
0, 0, 0, 0, 0, 0, 0, 
0, 0, 0, 0, 0, 0, 0, 
0, 0, 0, 0, 0, 0, 0, 
0.00798071, 0, 0, 0.00798071, 0.0872816, 1, 0, 
0.0179525, 0, 0, 0.0179525, 0.0885023, 1, 0, 
0.0279247, 0, 0, 0.0279247, 0.0860609, 1, 0, 
0.0378971, 0, 0, 0.0378971, 0.0860609, 1, 0, 
0.0478698, 0, 0, 0.0478698, 0.0885023, 1, 0, 
0.0578417, 0, 0, 0.0578417, 0.0885023, 1, 0, 
0.0678141, 0, 0, 0.0678141, 0.0860609, 1, 0, 
0.0777868, 0, 0, 0.0777868, 0.0860609, 1, 0, 
0.0877583, 0, 0, 0.0877583, 0.0885023, 1, 0, 
0.0977302, 0, 0, 0.0977302, 0.0860609, 1, 0, 
0.107703, 0, 0, 0.107703, 0.0860609, 1, 0, 
0.117675, 0, 0, 0.117675, 0.089723, 1, 0, 
0.127648, 0, 0, 0.127648, 0.0885023, 1, 0, 
0.13762, 0, 0, 0.13762, 0.0885023, 1, 0, 
0.147592, 0, 0, 0.147592, 0.0909438, 1, 0, 
0.157564, 0, 0, 0.157564, 0.089723, 1, 0, 
0.167536, 0, 0, 0.167536, 0.0909438, 1, 0, 
0.177509, 0, 0, 0.177509, 0.0933852, 1, 0, 
0.187481, 0, 0, 0.187481, 0.089723, 1, 0, 
0.197453, 0, 0, 0.197453, 0.089723, 1, 0, 
0.207426, 0, 0, 0.207426, 0.0982681, 1, 0, 
0.217398, 0, 0, 0.217398, 0.0921645, 1, 0, 
0.22737, 0, 0, 0.22737, 0.0958267, 1, 0, 
0.237342, 0, 0, 0.237342, 0.0933852, 1, 0, 
0.247315, 0, 0, 0.247315, 0.0946059, 1, 0, 
0.257286, 0, 0, 0.257286, 0.0921645, 1, 0, 
0.267259, 0, 0, 0.267259, 0.0933852, 1, 0, 
0.277231, 0, 0, 0.277231, 0.0933852, 1, 0, 
0.287204, 0, 0, 0.287204, 0.0958267, 1, 0, 
0.297176, 0, 0, 0.297176, 0.089723, 1, 0, 
0.307149, 0, 0, 0.307149, 0.0958267, 1, 0, 
0.317121, 0, 0, 0.317121, 0.0946059, 1, 0, 
0.327093, 0, 0, 0.327093, 0.0946059, 1, 0, 
0.337065, 0, 0, 0.337065, 0.0958267, 1, 0, 
0.347037, 0, 0, 0.347037, 0.089723, 1, 0, 
0.35701, 0, 0, 0.35701, 0.0958267, 1, 0, 
0.366982, 0, 0, 0.366982, 0.0946059, 1, 0, 
0.376954, 0, 0, 0.376954, 0.0946059, 1, 0, 
0.386925, 0, 0, 0.386925, 0.0958267, 1, 0, 
0.396899, 0, 0, 0.396899, 0.0946059, 1, 0, 
0.406871, 0, 0, 0.406871, 0.0982681, 1, 0, 
0.416843, 0, 0, 0.416843, 0.0982681, 1, 0, 
0.426816, 0, 0, 0.426816, 0.0982681, 1, 0, 
0.436787, 0, 0, 0.436787, 0.10071, 1, 0, 
0.44676, 0, 0, 0.44676, 0.10071, 1, 0, 
0.456732, 0, 0, 0.456732, 0.0982681, 1, 0, 
0.466705, 0, 0, 0.466705, 0.0994888, 1, 0, 
0.476677, 0, 0, 0.476677, 0.10071, 1, 0, 
0.486649, 0, 0, 0.486649, 0.10071, 1, 0, 
0.496621, 0, 0, 0.496621, 0.0994888, 1, 0, 
0.506594, 0, 0, 0.506594, 0.10071, 1, 0, 
0.516565, 0, 0, 0.516565, 0.0994888, 1, 0, 
0.526538, 0, 0, 0.526538, 0.0982681, 1, 0, 
0.53651, 0, 0, 0.53651, 0.0994888, 1, 0, 
0.546483, 0, 0, 0.546483, 0.0994888, 1, 0, 
0.556455, 0, 0, 0.556455, 0.10193, 1, 0, 
0.566427, 0, 0, 0.566427, 0.104372, 1, 0, 
0.576399, 0, 0, 0.576399, 0.0970474, 1, 0, 
0.586372, 0, 0, 0.586372, 0.0994888, 1, 0, 
0.596345, 0, 0, 0.596345, 0.103151, 1, 0, 
0.606317, 0, 0, 0.606317, 0.10193, 1, 0, 
0.616288, 0, 0, 0.616288, 0.10071, 1, 0, 
0.626261, 0, 0, 0.626261, 0.108034, 1, 0, 
0.636233, 0, 0, 0.636233, 0.103151, 1, 0, 
0.646206, 0, 0, 0.646206, 0.105592, 1, 0, 
0.656178, 0, 0, 0.656178, 0.103151, 1, 0, 
0.66615, 0, 0, 0.66615, 0.108034, 1, 0, 
0.676122, 0, 0, 0.676122, 0.108034, 1, 0, 
0.686095, 0, 0, 0.686095, 0.10193, 1, 0, 
0.696067, 0, 0, 0.696067, 0.104372, 1, 0, 
0.706039, 0, 0, 0.706039, 0.103151, 1, 0, 
0.716011, 0, 0, 0.716011, 0.108034, 1, 0, 
0.725984, 0, 0, 0.725984, 0.105592, 1, 0, 
0.735956, 0, 0, 0.735956, 0.104372, 1, 0, 
0.745928, 0, 0, 0.745928, 0.110475, 1, 0, 
0.7559, 0, 0, 0.7559, 0.105592, 1, 0, 
0.765873, 0, 0, 0.765873, 0.106813, 1, 0, 
0.775845, 0, 0, 0.775845, 0.104372, 1, 0, 
0.785817, 0, 0, 0.785817, 0.108034, 1, 0, 
0.795788, 0, 0, 0.795788, 0.106813, 1, 0, 
0.805762, 0, 0, 0.805762, 0.106813, 1, 0, 
0.815734, 0, 0, 0.815734, 0.104372, 1, 0, 
0.825706, 0, 0, 0.825706, 0.106813, 1, 0, 
0.835678, 0, 0, 0.835678, 0.108034, 1, 0, 
0.845651, 0, 0, 0.845651, 0.110475, 1, 0, 
0.855623, 0, 0, 0.855623, 0.104372, 1, 0, 
0.865595, 0, 0, 0.865595, 0.108034, 1, 0, 
0.875567, 0, 0, 0.875567, 0.111696, 1, 0, 
0.88554, 0, 0, 0.88554, 0.110475, 1, 0, 
0.895512, 0, 0, 0.895512, 0.109255, 1, 0, 
0.905483, 0, 0, 0.905483, 0.111696, 1, 0, 
0.915456, 0, 0, 0.915456, 0.110475, 1, 0, 
0.925429, 0, 0, 0.925429, 0.109255, 1, 0, 
0.935401, 0, 0, 0.935401, 0.110475, 1, 0, 
0.945374, 0, 0, 0.945374, 0.114137, 1, 0, 
0.955346, 0, 0, 0.955346, 0.110475, 1, 0, 
0.965318, 0, 0, 0.965318, 0.114137, 1, 0, 
0.97529, 0, 0, 0.97529, 0.116579, 1, 0, 
0.985262, 0, 0, 0.985262, 0.110475, 1, 0, 
0.995235, 0, 0, 0.995235, 0.112917, 1, 0, 
1.00521, 0, 0, 1.00521, 0.114137, 1, 0, 
1.01518, 0, 0, 1.01518, 0.111696, 1, 0, 
1.02515, 0, 0, 1.02515, 0.116579, 1, 0, 
1.03512, 0, 0, 1.03512, 0.115358, 1, 0, 
1.0451, 0, 0, 1.0451, 0.116579, 1, 0, 
1.05507, 0, 0, 1.05507, 0.112917, 1, 0, 
1.06504, 0, 0, 1.06504, 0.112917, 1, 0, 
1.07501, 0, 0, 1.07501, 0.116579, 1, 0, 
1.08499, 0, 0, 1.08499, 0.116579, 1, 0, 
1.09496, 0, 0, 1.09496, 0.114137, 1, 0, 
1.10493, 0, 0, 1.10493, 0.1178, 1, 0, 
1.11491, 0, 0, 1.11491, 0.1178, 1, 0, 
1.12487, 0, 0, 1.12487, 0.11902, 1, 0, 
1.13485, 0, 0, 1.13485, 0.114137, 1, 0, 
1.14482, 0, 0, 1.14482, 0.123903, 1, 0, 
1.15479, 0, 0, 1.15479, 0.11902, 1, 0, 
1.16476, 0, 0, 1.16476, 0.1178, 1, 0, 
1.17474, 0, 0, 1.17474, 0.116579, 1, 0, 
1.18471, 0, 0, 1.18471, 0.116579, 1, 0, 
1.19468, 0, 0, 1.19468, 0.116579, 1, 0, 
1.20465, 0, 0, 1.20465, 0.121462, 1, 0, 
1.21462, 0, 0, 1.21462, 0.120241, 1, 0, 
1.2246, 0, 0, 1.2246, 0.115358, 1, 0, 
1.23457, 0, 0, 1.23457, 0.120241, 1, 0, 
1.24454, 0, 0, 1.24454, 0.122683, 1, 0, 
1.25451, 0, 0, 1.25451, 0.121462, 1, 0, 
1.26449, 0, 0, 1.26449, 0.11902, 1, 0, 
1.27446, 0, 0, 1.27446, 0.121462, 1, 0, 
1.28443, 0, 0, 1.28443, 0.11902, 1, 0, 
1.2944, 0, 0, 1.2944, 0.120241, 1, 0, 
1.30438, 0, 0, 1.30438, 0.123903, 1, 0, 
1.31435, 0, 0, 1.31435, 0.125124, 1, 0, 
1.32432, 0, 0, 1.32432, 0.122683, 1, 0, 
1.33429, 0, 0, 1.33429, 0.123903, 1, 0, 
1.34426, 0, 0, 1.34426, 0.123903, 1, 0, 
1.35424, 0, 0, 1.35424, 0.120241, 1, 0, 
1.36421, 0, 0, 1.36421, 0.122683, 1, 0, 
1.37418, 0, 0, 1.37418, 0.123903, 1, 0, 
1.38415, 0, 0, 1.38415, 0.127565, 1, 0, 
1.39412, 0, 0, 1.39412, 0.126345, 1, 0, 
1.4041, 0, 0, 1.4041, 0.122683, 1, 0, 
1.41407, 0, 0, 1.41407, 0.125124, 1, 0, 
1.42404, 0, 0, 1.42404, 0.123903, 1, 0, 
1.43401, 0, 0, 1.43401, 0.123903, 1, 0, 
1.44399, 0, 0, 1.44399, 0.128786, 1, 0, 
1.45396, 0, 0, 1.45396, 0.123903, 1, 0, 
1.46393, 0, 0, 1.46393, 0.128786, 1, 0, 
1.4739, 0, 0, 1.4739, 0.125124, 1, 0, 
1.48388, 0, 0, 1.48388, 0.133669, 1, 0, 
1.49385, 0, 0, 1.49385, 0.130007, 1, 0, 
1.50382, 0, 0, 1.50382, 0.127565, 1, 0, 
1.51379, 0, 0, 1.51379, 0.130007, 1, 0, 
1.52376, 0, 0, 1.52376, 0.130007, 1, 0, 
1.53374, 0, 0, 1.53374, 0.128786, 1, 0, 
1.54371, 0, 0, 1.54371, 0.126345, 1, 0, 
1.55368, 0, 0, 1.55368, 0.130007, 1, 0, 
1.56365, 0, 0, 1.56365, 0.128786, 1, 0, 
1.57363, 0, 0, 1.57363, 0.128786, 1, 0, 
1.5836, 0, 0, 1.5836, 0.128786, 1, 0, 
1.59357, 0, 0, 1.59357, 0.130007, 1, 0, 
1.60354, 0, 0, 1.60354, 0.131228, 1, 0, 
1.61352, 0, 0, 1.61352, 0.133669, 1, 0, 
1.62349, 0, 0, 1.62349, 0.132448, 1, 0, 
1.63346, 0, 0, 1.63346, 0.133669, 1, 0, 
1.64343, 0, 0, 1.64343, 0.128786, 1, 0, 
1.6534, 0, 0, 1.6534, 0.131228, 1, 0, 
1.66338, 0, 0, 1.66338, 0.130007, 1, 0, 
1.67335, 0, 0, 1.67335, 0.13489, 1, 0, 
1.68332, 0, 0, 1.68332, 0.13489, 1, 0, 
1.69329, 0, 0, 1.69329, 0.13489, 1, 0, 
1.70327, 0, 0, 1.70327, 0.132448, 1, 0, 
1.71324, 0, 0, 1.71324, 0.130007, 1, 0, 
1.72321, 0, 0, 1.72321, 0.132448, 1, 0, 
1.73318, 0, 0, 1.73318, 0.128786, 1, 0, 
1.74315, 0, 0, 1.74315, 0.13611, 1, 0, 
1.75313, 0, 0, 1.75313, 0.13611, 1, 0, 
1.7631, 0, 0, 1.7631, 0.13611, 1, 0, 
1.77307, 0, 0, 1.77307, 0.137331, 1, 0, 
1.78304, 0, 0, 1.78304, 0.138552, 1, 0, 
1.79302, 0, 0, 1.79302, 0.133669, 1, 0, 
1.80299, 0, 0, 1.80299, 0.13489, 1, 0, 
1.81296, 0, 0, 1.81296, 0.13489, 1, 0, 
1.82293, 0, 0, 1.82293, 0.13489, 1, 0, 
1.8329, 0, 0, 1.8329, 0.138552, 1, 0, 
1.84288, 0, 0, 1.84288, 0.139773, 1, 0, 
1.85285, 0, 0, 1.85285, 0.139773, 1, 0, 
1.86282, 0, 0, 1.86282, 0.138552, 1, 0, 
1.87279, 0, 0, 1.87279, 0.13489, 1, 0, 
1.88277, 0, 0, 1.88277, 0.139773, 1, 0, 
1.89274, 0, 0, 1.89274, 0.133669, 1, 0, 
1.90271, 0, 0, 1.90271, 0.138552, 1, 0, 
1.91268, 0, 0, 1.91268, 0.138552, 1, 0, 
1.92266, 0, 0, 1.92266, 0.138552, 1, 0, 
1.93263, 0, 0, 1.93263, 0.139773, 1, 0, 
1.9426, 0, 0, 1.9426, 0.142214, 1, 0, 
1.95257, 0, 0, 1.95257, 0.142214, 1, 0, 
1.96254, 0, 0, 1.96254, 0.142214, 1, 0, 
1.97252, 0, 0, 1.97252, 0.142214, 1, 0, 
1.98249, 0, 0, 1.98249, 0.142214, 1, 0, 
1.99246, 0, 0, 1.99246, 0.139773, 1, 0, 
2.00243, 0, 0, 2.00243, 0.142214, 1, 0, 
2.01241, 0, 0, 2.01241, 0.140993, 1, 0, 
2.02238, 0, 0, 2.02238, 0.139773, 1, 0, 
2.03235, 0, 0, 2.03235, 0.139773, 1, 0, 
2.04232, 0, 0, 2.04232, 0.143435, 1, 0, 
2.05229, 0, 0, 2.05229, 0.139773, 1, 0, 
2.06227, 0, 0, 2.06227, 0.142214, 1, 0, 
2.07224, 0, 0, 2.07224, 0.147097, 1, 0, 
2.08221, 0, 0, 2.08221, 0.144656, 1, 0, 
2.09218, 0, 0, 2.09218, 0.138552, 1, 0, 
2.10216, 0, 0, 2.10216, 0.139773, 1, 0, 
2.11213, 0, 0, 2.11213, 0.149538, 1, 0, 
2.1221, 0, 0, 2.1221, 0.143435, 1, 0, 
2.13207, 0, 0, 2.13207, 0.142214, 1, 0, 
2.14205, 0, 0, 2.14205, 0.143435, 1, 0, 
2.15202, 0, 0, 2.15202, 0.144656, 1, 0, 
2.16199, 0, 0, 2.16199, 0.144656, 1, 0, 
2.17196, 0, 0, 2.17196, 0.148318, 1, 0, 
2.18193, 0, 0, 2.18193, 0.143435, 1, 0, 
2.19191, 0, 0, 2.19191, 0.149538, 1, 0, 
2.20188, 0, 0, 2.20188, 0.144656, 1, 0, 
2.21185, 0, 0, 2.21185, 0.144656, 1, 0, 
2.22182, 0, 0, 2.22182, 0.148318, 1, 0, 
2.2318, 0, 0, 2.2318, 0.149538, 1, 0, 
2.24177, 0, 0, 2.24177, 0.15198, 1, 0, 
2.25174, 0, 0, 2.25174, 0.149538, 1, 0, 
2.26171, 0, 0, 2.26171, 0.145876, 1, 0, 
2.27168, 0, 0, 2.27168, 0.144656, 1, 0, 
2.28166, 0, 0, 2.28166, 0.149538, 1, 0, 
2.29163, 0, 0, 2.29163, 0.144656, 1, 0, 
2.3016, 0, 0, 2.3016, 0.148318, 1, 0, 
2.31157, 0, 0, 2.31157, 0.15198, 1, 0, 
2.32155, 0, 0, 2.32155, 0.153201, 1, 0, 
2.33152, 0, 0, 2.33152, 0.150759, 1, 0, 
2.34149, 0, 0, 2.34149, 0.148318, 1, 0, 
2.35146, 0, 0, 2.35146, 0.148318, 1, 0, 
2.36144, 0, 0, 2.36144, 0.150759, 1, 0, 
2.37141, 0, 0, 2.37141, 0.149538, 1, 0, 
2.38138, 0, 0, 2.38138, 0.149538, 1, 0, 
2.39135, 0, 0, 2.39135, 0.150759, 1, 0, 
2.40132, 0, 0, 2.40132, 0.150759, 1, 0, 
2.4113, 0, 0, 2.4113, 0.15198, 1, 0, 
2.42127, 0, 0, 2.42127, 0.15198, 1, 0, 
2.43124, 0, 0, 2.43124, 0.15198, 1, 0, 
2.44121, 0, 0, 2.44121, 0.149538, 1, 0, 
2.45119, 0, 0, 2.45119, 0.153201, 1, 0, 
2.46116, 0, 0, 2.46116, 0.150759, 1, 0, 
2.47113, 0, 0, 2.47113, 0.150759, 1, 0, 
2.4811, 0, 0, 2.4811, 0.153201, 1, 0, 
2.49107, 0, 0, 2.49107, 0.153201, 1, 0, 
2.50105, 0, 0, 2.50105, 0.155642, 1, 0, 
2.51102, 0, 0, 2.51102, 0.161746, 1, 0, 
2.52099, 0, 0, 2.52099, 0.154421, 1, 0, 
2.53096, 0, 0, 2.53096, 0.158083, 1, 0, 
2.54094, 0, 0, 2.54094, 0.158083, 1, 0, 
2.55091, 0, 0, 2.55091, 0.155642, 1, 0, 
2.56088, 0, 0, 2.56088, 0.15198, 1, 0, 
2.57085, 0, 0, 2.57085, 0.158083, 1, 0, 
2.58083, 0, 0, 2.58083, 0.156863, 1, 0, 
2.5908, 0, 0, 2.5908, 0.158083, 1, 0, 
2.60077, 0, 0, 2.60077, 0.159304, 1, 0, 
2.61074, 0, 0, 2.61074, 0.156863, 1, 0, 
2.62071, 0, 0, 2.62071, 0.162966, 1, 0, 
2.63069, 0, 0, 2.63069, 0.161746, 1, 0, 
2.64066, 0, 0, 2.64066, 0.162966, 1, 0, 
2.65063, 0, 0, 2.65063, 0.161746, 1, 0, 
2.6606, 0, 0, 2.6606, 0.158083, 1, 0, 
2.67058, 0, 0, 2.67058, 0.161746, 1, 0, 
2.68055, 0, 0, 2.68055, 0.161746, 1, 0, 
2.69052, 0, 0, 2.69052, 0.156863, 1, 0, 
2.70049, 0, 0, 2.70049, 0.164187, 1, 0, 
2.71046, 0, 0, 2.71046, 0.160525, 1, 0, 
2.72044, 0, 0, 2.72044, 0.158083, 1, 0, 
2.73041, 0, 0, 2.73041, 0.161746, 1, 0, 
2.74038, 0, 0, 2.74038, 0.162966, 1, 0, 
2.75035, 0, 0, 2.75035, 0.162966, 1, 0, 
2.76033, 0, 0, 2.76033, 0.160525, 1, 0, 
2.7703, 0, 0, 2.7703, 0.162966, 1, 0, 
2.78027, 0, 0, 2.78027, 0.166629, 1, 0, 
2.79024, 0, 0, 2.79024, 0.162966, 1, 0, 
2.80022, 0, 0, 2.80022, 0.161746, 1, 0, 
2.81019, 0, 0, 2.81019, 0.164187, 1, 0, 
2.82016, 0, 0, 2.82016, 0.161746, 1, 0, 
2.83013, 0, 0, 2.83013, 0.160525, 1, 0, 
2.8401, 0, 0, 2.8401, 0.160525, 1, 0, 
2.85008, 0, 0, 2.85008, 0.165408, 1, 0, 
2.86005, 0, 0, 2.86005, 0.165408, 1, 0, 
2.87002, 0, 0, 2.87002, 0.167849, 1, 0, 
2.87999, 0, 0, 2.87999, 0.164187, 1, 0, 
2.88997, 0, 0, 2.88997, 0.164187, 1, 0, 
2.89994, 0, 0, 2.89994, 0.16907, 1, 0, 
2.90991, 0, 0, 2.90991, 0.165408, 1, 0, 
2.91988, 0, 0, 2.91988, 0.164187, 1, 0, 
2.92985, 0, 0, 2.92985, 0.16907, 1, 0, 
2.93983, 0, 0, 2.93983, 0.166629, 1, 0, 
2.9498, 0, 0, 2.9498, 0.167849, 1, 0, 
2.95977, 0, 0, 2.95977, 0.164187, 1, 0, 
2.96974, 0, 0, 2.96974, 0.166629, 1, 0, 
2.97972, 0, 0, 2.97972, 0.165408, 1, 0, 
2.98969, 0, 0, 2.98969, 0.167849, 1, 0, 
2.99966, 0, 0, 2.99966, 0.16907, 1, 0, 
3.00963, 0, 0, 3.00963, 0.167849, 1, 0, 
3.0196, 0, 0, 3.0196, 0.175174, 1, 0, 
3.02958, 0, 0, 3.02958, 0.171511, 1, 0, 
3.03955, 0, 0, 3.03955, 0.16907, 1, 0, 
3.04952, 0, 0, 3.04952, 0.167849, 1, 0, 
3.05949, 0, 0, 3.05949, 0.16907, 1, 0, 
3.06947, 0, 0, 3.06947, 0.176394, 1, 0, 
3.07944, 0, 0, 3.07944, 0.170291, 1, 0, 
3.08942, 0, 0, 3.08942, 0.173953, 1, 0, 
3.09938, 0, 0, 3.09938, 0.16907, 1, 0, 
3.10935, 0, 0, 3.10935, 0.171511, 1, 0, 
3.11933, 0, 0, 3.11933, 0.171511, 1, 0, 
3.1293, 0, 0, 3.1293, 0.167849, 1, 0, 
3.13927, 0, 0, 3.13927, 0.175174, 1, 0, 
3.14924, 0, 0, 3.14924, 0.172732, 1, 0, 
3.15922, 0, 0, 3.15922, 0.173953, 1, 0, 
3.16919, 0, 0, 3.16919, 0.170291, 1, 0, 
3.17916, 0, 0, 3.17916, 0.176394, 1, 0, 
3.18913, 0, 0, 3.18913, 0.171511, 1, 0, 
3.19911, 0, 0, 3.19911, 0.176394, 1, 0, 
3.20908, 0, 0, 3.20908, 0.170291, 1, 0, 
3.21905, 0, 0, 3.21905, 0.172732, 1, 0, 
3.22902, 0, 0, 3.22902, 0.177615, 1, 0, 
3.23899, 0, 0, 3.23899, 0.176394, 1, 0, 
3.24897, 0, 0, 3.24897, 0.176394, 1, 0, 
3.25894, 0, 0, 3.25894, 0.177615, 1, 0, 
3.26891, 0, 0, 3.26891, 0.177615, 1, 0, 
3.27888, 0, 0, 3.27888, 0.177615, 1, 0, 
3.28886, 0, 0, 3.28886, 0.178836, 1, 0, 
3.29883, 0, 0, 3.29883, 0.178836, 1, 0, 
3.3088, 0, 0, 3.3088, 0.176394, 1, 0, 
3.31877, 0, 0, 3.31877, 0.181277, 1, 0, 
3.32874, 0, 0, 3.32874, 0.180056, 1, 0, 
3.33872, 0, 0, 3.33872, 0.173953, 1, 0, 
3.34869, 0, 0, 3.34869, 0.176394, 1, 0, 
3.35866, 0, 0, 3.35866, 0.176394, 1, 0, 
3.36863, 0, 0, 3.36863, 0.181277, 1, 0, 
3.37861, 0, 0, 3.37861, 0.177615, 1, 0, 
3.38858, 0, 0, 3.38858, 0.178836, 1, 0, 
3.39855, 0, 0, 3.39855, 0.178836, 1, 0, 
3.40852, 0, 0, 3.40852, 0.177615, 1, 0, 
3.4185, 0, 0, 3.4185, 0.182498, 1, 0, 
3.42847, 0, 0, 3.42847, 0.176394, 1, 0, 
3.43844, 0, 0, 3.43844, 0.178836, 1, 0, 
3.44841, 0, 0, 3.44841, 0.182498, 1, 0, 
3.45838, 0, 0, 3.45838, 0.180056, 1, 0, 
3.46836, 0, 0, 3.46836, 0.182498, 1, 0, 
3.47833, 0, 0, 3.47833, 0.183719, 1, 0, 
3.4883, 0, 0, 3.4883, 0.180056, 1, 0, 
3.49827, 0, 0, 3.49827, 0.182498, 1, 0, 
3.50825, 0, 0, 3.50825, 0.183719, 1, 0, 
3.51822, 0, 0, 3.51822, 0.18616, 1, 0, 
3.52819, 0, 0, 3.52819, 0.184939, 1, 0, 
3.53816, 0, 0, 3.53816, 0.180056, 1, 0, 
3.54813, 0, 0, 3.54813, 0.18616, 1, 0, 
3.55811, 0, 0, 3.55811, 0.181277, 1, 0, 
3.56808, 0, 0, 3.56808, 0.18616, 1, 0, 
3.57805, 0, 0, 3.57805, 0.182498, 1, 0, 
3.58802, 0, 0, 3.58802, 0.18616, 1, 0, 
3.598, 0, 0, 3.598, 0.184939, 1, 0, 
3.60797, 0, 0, 3.60797, 0.181277, 1, 0, 
3.61794, 0, 0, 3.61794, 0.184939, 1, 0, 
3.62791, 0, 0, 3.62791, 0.183719, 1, 0, 
3.63789, 0, 0, 3.63789, 0.182498, 1, 0, 
3.64786, 0, 0, 3.64786, 0.184939, 1, 0, 
3.65783, 0, 0, 3.65783, 0.187381, 1, 0, 
3.6678, 0, 0, 3.6678, 0.187381, 1, 0, 
3.67777, 0, 0, 3.67777, 0.187381, 1, 0, 
3.68775, 0, 0, 3.68775, 0.187381, 1, 0, 
3.69772, 0, 0, 3.69772, 0.188602, 1, 0, 
3.70769, 0, 0, 3.70769, 0.18616, 1, 0, 
3.71766, 0, 0, 3.71766, 0.18616, 1, 0, 
3.72764, 0, 0, 3.72764, 0.189822, 1, 0, 
3.73761, 0, 0, 3.73761, 0.191043, 1, 0, 
3.74758, 0, 0, 3.74758, 0.187381, 1, 0, 
3.75755, 0, 0, 3.75755, 0.187381, 1, 0, 
3.76752, 0, 0, 3.76752, 0.18616, 1, 0, 
3.7775, 0, 0, 3.7775, 0.189822, 1, 0, 
3.78747, 0, 0, 3.78747, 0.191043, 1, 0, 
3.79744, 0, 0, 3.79744, 0.189822, 1, 0, 
3.80741, 0, 0, 3.80741, 0.192264, 1, 0, 
3.81739, 0, 0, 3.81739, 0.187381, 1, 0, 
3.82736, 0, 0, 3.82736, 0.193484, 1, 0, 
3.83733, 0, 0, 3.83733, 0.192264, 1, 0, 
3.8473, 0, 0, 3.8473, 0.188602, 1, 0, 
3.85727, 0, 0, 3.85727, 0.189822, 1, 0, 
3.86725, 0, 0, 3.86725, 0.188602, 1, 0, 
3.87722, 0, 0, 3.87722, 0.189822, 1, 0, 
3.88719, 0, 0, 3.88719, 0.191043, 1, 0, 
3.89716, 0, 0, 3.89716, 0.193484, 1, 0, 
3.90714, 0, 0, 3.90714, 0.189822, 1, 0, 
3.91711, 0, 0, 3.91711, 0.197147, 1, 0, 
3.92708, 0, 0, 3.92708, 0.193484, 1, 0, 
3.93705, 0, 0, 3.93705, 0.194705, 1, 0, 
3.94703, 0, 0, 3.94703, 0.198367, 1, 0, 
3.957, 0, 0, 3.957, 0.191043, 1, 0, 
3.96697, 0, 0, 3.96697, 0.198367, 1, 0, 
3.97694, 0, 0, 3.97694, 0.194705, 1, 0, 
3.98691, 0, 0, 3.98691, 0.195926, 1, 0, 
3.99689, 0, 0, 3.99689, 0.193484, 1, 0, 
4.00686, 0, 0, 4.00686, 0.197147, 1, 0, 
4.01683, 0, 0, 4.01683, 0.193484, 1, 0, 
4.0268, 0, 0, 4.0268, 0.195926, 1, 0, 
4.03678, 0, 0, 4.03678, 0.195926, 1, 0, 
4.04675, 0, 0, 4.04675, 0.193484, 1, 0, 
4.05672, 0, 0, 4.05672, 0.200809, 1, 0, 
4.06669, 0, 0, 4.06669, 0.198367, 1, 0, 
4.07667, 0, 0, 4.07667, 0.197147, 1, 0, 
4.08664, 0, 0, 4.08664, 0.197147, 1, 0, 
4.09661, 0, 0, 4.09661, 0.202029, 1, 0, 
4.10658, 0, 0, 4.10658, 0.200809, 1, 0, 
4.11655, 0, 0, 4.11655, 0.20325, 1, 0, 
4.12653, 0, 0, 4.12653, 0.197147, 1, 0, 
4.1365, 0, 0, 4.1365, 0.198367, 1, 0, 
4.14647, 0, 0, 4.14647, 0.199588, 1, 0, 
4.15644, 0, 0, 4.15644, 0.198367, 1, 0, 
4.16642, 0, 0, 4.16642, 0.199588, 1, 0, 
4.17639, 0, 0, 4.17639, 0.204471, 1, 0, 
4.18636, 0, 0, 4.18636, 0.200809, 1, 0, 
4.19633, 0, 0, 4.19633, 0.200809, 1, 0, 
4.2063, 0, 0, 4.2063, 0.202029, 1, 0, 
4.21628, 0, 0, 4.21628, 0.200809, 1, 0, 
4.22625, 0, 0, 4.22625, 0.200809, 1, 0, 
4.23622, 0, 0, 4.23622, 0.205692, 1, 0, 
4.24619, 0, 0, 4.24619, 0.200809, 1, 0, 
4.25617, 0, 0, 4.25617, 0.202029, 1, 0, 
4.26614, 0, 0, 4.26614, 0.202029, 1, 0, 
4.27611, 0, 0, 4.27611, 0.202029, 1, 0, 
4.28608, 0, 0, 4.28608, 0.205692, 1, 0, 
4.29605, 0, 0, 4.29605, 0.202029, 1, 0, 
4.30603, 0, 0, 4.30603, 0.204471, 1, 0, 
4.316, 0, 0, 4.316, 0.205692, 1, 0, 
4.32597, 0, 0, 4.32597, 0.202029, 1, 0, 
4.33594, 0, 0, 4.33594, 0.205692, 1, 0, 
4.34592, 0, 0, 4.34592, 0.205692, 1, 0, 
4.35589, 0, 0, 4.35589, 0.20325, 1, 0, 
4.36586, 0, 0, 4.36586, 0.205692, 1, 0, 
4.37583, 0, 0, 4.37583, 0.204471, 1, 0, 
4.3858, 0, 0, 4.3858, 0.205692, 1, 0, 
4.39578, 0, 0, 4.39578, 0.208133, 1, 0, 
4.40575, 0, 0, 4.40575, 0.209354, 1, 0, 
4.41572, 0, 0, 4.41572, 0.209354, 1, 0, 
4.42569, 0, 0, 4.42569, 0.206912, 1, 0, 
4.43566, 0, 0, 4.43566, 0.204471, 1, 0, 
4.44564, 0, 0, 4.44564, 0.206912, 1, 0, 
4.45561, 0, 0, 4.45561, 0.209354, 1, 0, 
4.46558, 0, 0, 4.46558, 0.208133, 1, 0, 
4.47556, 0, 0, 4.47556, 0.209354, 1, 0, 
4.48553, 0, 0, 4.48553, 0.205692, 1, 0, 
4.4955, 0, 0, 4.4955, 0.205692, 1, 0, 
4.50547, 0, 0, 4.50547, 0.209354, 1, 0, 
4.51544, 0, 0, 4.51544, 0.208133, 1, 0, 
4.52542, 0, 0, 4.52542, 0.208133, 1, 0, 
4.53539, 0, 0, 4.53539, 0.208133, 1, 0, 
4.54536, 0, 0, 4.54536, 0.209354, 1, 0, 
4.55533, 0, 0, 4.55533, 0.211795, 1, 0, 
4.5653, 0, 0, 4.5653, 0.211795, 1, 0, 
4.57528, 0, 0, 4.57528, 0.211795, 1, 0, 
4.58525, 0, 0, 4.58525, 0.210575, 1, 0, 
4.59522, 0, 0, 4.59522, 0.211795, 1, 0, 
4.60519, 0, 0, 4.60519, 0.210575, 1, 0, 
4.61517, 0, 0, 4.61517, 0.213016, 1, 0, 
4.62514, 0, 0, 4.62514, 0.215457, 1, 0, 
4.63511, 0, 0, 4.63511, 0.214237, 1, 0, 
4.64509, 0, 0, 4.64509, 0.216678, 1, 0, 
4.65506, 0, 0, 4.65506, 0.216678, 1, 0, 
4.66503, 0, 0, 4.66503, 0.214237, 1, 0, 
4.675, 0, 0, 4.675, 0.213016, 1, 0, 
4.68497, 0, 0, 4.68497, 0.217899, 1, 0, 
4.69495, 0, 0, 4.69495, 0.214237, 1, 0, 
4.70492, 0, 0, 4.70492, 0.214237, 1, 0, 
4.71489, 0, 0, 4.71489, 0.22034, 1, 0, 
4.72486, 0, 0, 4.72486, 0.214237, 1, 0, 
4.73483, 0, 0, 4.73483, 0.215457, 1, 0, 
4.74481, 0, 0, 4.74481, 0.217899, 1, 0, 
4.75478, 0, 0, 4.75478, 0.215457, 1, 0, 
4.76475, 0, 0, 4.76475, 0.215457, 1, 0, 
4.77472, 0, 0, 4.77472, 0.216678, 1, 0, 
4.7847, 0, 0, 4.7847, 0.216678, 1, 0, 
4.79467, 0, 0, 4.79467, 0.221561, 1, 0, 
4.80464, 0, 0, 4.80464, 0.217899, 1, 0, 
4.81461, 0, 0, 4.81461, 0.221561, 1, 0, 
4.82458, 0, 0, 4.82458, 0.216678, 1, 0, 
4.83456, 0, 0, 4.83456, 0.217899, 1, 0, 
4.84453, 0, 0, 4.84453, 0.217899, 1, 0, 
4.8545, 0, 0, 4.8545, 0.224002, 1, 0, 
4.86447, 0, 0, 4.86447, 0.222782, 1, 0, 
4.87445, 0, 0, 4.87445, 0.21912, 1, 0, 
4.88442, 0, 0, 4.88442, 0.216678, 1, 0, 
4.89439, 0, 0, 4.89439, 0.221561, 1, 0, 
4.90436, 0, 0, 4.90436, 0.225223, 1, 0, 
4.91434, 0, 0, 4.91434, 0.224002, 1, 0, 
4.92431, 0, 0, 4.92431, 0.21912, 1, 0, 
4.93428, 0, 0, 4.93428, 0.22034, 1, 0, 
4.94425, 0, 0, 4.94425, 0.222782, 1, 0, 
4.95422, 0, 0, 4.95422, 0.222782, 1, 0, 
4.9642, 0, 0, 4.9642, 0.22034, 1, 0, 
4.97417, 0, 0, 4.97417, 0.225223, 1, 0, 
4.98414, 0, 0, 4.98414, 0.221561, 1, 0, 
4.99411, 0, 0, 4.99411, 0.221561, 1, 0, 
5.00409, 0, 0, 4.99591, 0.221561, 1, 0, 
5.01406, 0, 0, 4.98594, 0.222782, 1, 0, 
5.02403, 0, 0, 4.97597, 0.222782, 1, 0, 
5.034, 0, 0, 4.966, 0.222782, 1, 0, 
5.04397, 0, 0, 4.95603, 0.224002, 1, 0, 
5.05395, 0, 0, 4.94605, 0.217899, 1, 0, 
5.06392, 0, 0, 4.93608, 0.22034, 1, 0, 
5.07389, 0, 0, 4.92611, 0.222782, 1, 0, 
5.08386, 0, 0, 4.91614, 0.22034, 1, 0, 
5.09384, 0, 0, 4.90616, 0.221561, 1, 0, 
5.10381, 0, 0, 4.89619, 0.21912, 1, 0, 
5.11378, 0, 0, 4.88622, 0.222782, 1, 0, 
5.12375, 0, 0, 4.87625, 0.21912, 1, 0, 
5.13373, 0, 0, 4.86627, 0.216678, 1, 0, 
5.1437, 0, 0, 4.8563, 0.22034, 1, 0, 
5.15367, 0, 0, 4.84633, 0.22034, 1, 0, 
5.16364, 0, 0, 4.83636, 0.216678, 1, 0, 
5.17361, 0, 0, 4.82639, 0.217899, 1, 0, 
5.18359, 0, 0, 4.81641, 0.221561, 1, 0, 
5.19356, 0, 0, 4.80644, 0.216678, 1, 0, 
5.20353, 0, 0, 4.79647, 0.215457, 1, 0, 
5.2135, 0, 0, 4.7865, 0.217899, 1, 0, 
5.22348, 0, 0, 4.77652, 0.215457, 1, 0, 
5.23345, 0, 0, 4.76655, 0.215457, 1, 0, 
5.24342, 0, 0, 4.75658, 0.215457, 1, 0, 
5.25339, 0, 0, 4.74661, 0.217899, 1, 0, 
5.26336, 0, 0, 4.73664, 0.215457, 1, 0, 
5.27334, 0, 0, 4.72666, 0.216678, 1, 0, 
5.28331, 0, 0, 4.71669, 0.210575, 1, 0, 
5.29328, 0, 0, 4.70672, 0.217899, 1, 0, 
5.30325, 0, 0, 4.69675, 0.213016, 1, 0, 
5.31323, 0, 0, 4.68677, 0.211795, 1, 0, 
5.3232, 0, 0, 4.6768, 0.211795, 1, 0, 
5.33317, 0, 0, 4.66683, 0.211795, 1, 0, 
5.34314, 0, 0, 4.65686, 0.210575, 1, 0, 
5.35311, 0, 0, 4.64689, 0.213016, 1, 0, 
5.36309, 0, 0, 4.63691, 0.210575, 1, 0, 
5.37306, 0, 0, 4.62694, 0.216678, 1, 0, 
5.38303, 0, 0, 4.61697, 0.215457, 1, 0, 
5.393, 0, 0, 4.607, 0.213016, 1, 0, 
5.40298, 0, 0, 4.59702, 0.213016, 1, 0, 
5.41295, 0, 0, 4.58705, 0.214237, 1, 0, 
5.42292, 0, 0, 4.57708, 0.213016, 1, 0, 
5.43289, 0, 0, 4.56711, 0.211795, 1, 0, 
5.44286, 0, 0, 4.55714, 0.215457, 1, 0, 
5.45284, 0, 0, 4.54716, 0.215457, 1, 0, 
5.46281, 0, 0, 4.53719, 0.209354, 1, 0, 
5.47278, 0, 0, 4.52722, 0.211795, 1, 0, 
5.48275, 0, 0, 4.51725, 0.210575, 1, 0, 
5.49273, 0, 0, 4.50727, 0.209354, 1, 0, 
5.5027, 0, 0, 4.4973, 0.205692, 1, 0, 
5.51267, 0, 0, 4.48733, 0.208133, 1, 0, 
5.52264, 0, 0, 4.47736, 0.205692, 1, 0, 
5.53262, 0, 0, 4.46738, 0.206912, 1, 0, 
5.54259, 0, 0, 4.45741, 0.205692, 1, 0, 
5.55256, 0, 0, 4.44744, 0.211795, 1, 0, 
5.56253, 0, 0, 4.43747, 0.205692, 1, 0, 
5.5725, 0, 0, 4.4275, 0.206912, 1, 0, 
5.58248, 0, 0, 4.41752, 0.208133, 1, 0, 
5.59245, 0, 0, 4.40755, 0.208133, 1, 0, 
5.60242, 0, 0, 4.39758, 0.206912, 1, 0, 
5.61239, 0, 0, 4.38761, 0.210575, 1, 0, 
5.62237, 0, 0, 4.37763, 0.206912, 1, 0, 
5.63234, 0, 0, 4.36766, 0.204471, 1, 0, 
5.64231, 0, 0, 4.35769, 0.206912, 1, 0, 
5.65228, 0, 0, 4.34772, 0.205692, 1, 0, 
5.66225, 0, 0, 4.33775, 0.204471, 1, 0, 
5.67223, 0, 0, 4.32777, 0.206912, 1, 0, 
5.6822, 0, 0, 4.3178, 0.205692, 1, 0, 
5.69217, 0, 0, 4.30783, 0.198367, 1, 0, 
5.70214, 0, 0, 4.29786, 0.205692, 1, 0, 
5.71212, 0, 0, 4.28788, 0.205692, 1, 0, 
5.72209, 0, 0, 4.27791, 0.205692, 1, 0, 
5.73206, 0, 0, 4.26794, 0.200809, 1, 0, 
5.74203, 0, 0, 4.25797, 0.20325, 1, 0, 
5.75201, 0, 0, 4.24799, 0.20325, 1, 0, 
5.76198, 0, 0, 4.23802, 0.202029, 1, 0, 
5.77195, 0, 0, 4.22805, 0.205692, 1, 0, 
5.78192, 0, 0, 4.21808, 0.200809, 1, 0, 
5.79189, 0, 0, 4.20811, 0.199588, 1, 0, 
5.80187, 0, 0, 4.19813, 0.199588, 1, 0, 
5.81184, 0, 0, 4.18816, 0.202029, 1, 0, 
5.82181, 0, 0, 4.17819, 0.200809, 1, 0, 
5.83178, 0, 0, 4.16822, 0.200809, 1, 0, 
5.84176, 0, 0, 4.15824, 0.200809, 1, 0, 
5.85173, 0, 0, 4.14827, 0.20325, 1, 0, 
5.8617, 0, 0, 4.1383, 0.200809, 1, 0, 
5.87167, 0, 0, 4.12833, 0.198367, 1, 0, 
5.88164, 0, 0, 4.11836, 0.199588, 1, 0, 
5.89162, 0, 0, 4.10838, 0.202029, 1, 0, 
5.90159, 0, 0, 4.09841, 0.197147, 1, 0, 
5.91156, 0, 0, 4.08844, 0.199588, 1, 0, 
5.92153, 0, 0, 4.07847, 0.197147, 1, 0, 
5.93151, 0, 0, 4.06849, 0.198367, 1, 0, 
5.94148, 0, 0, 4.05852, 0.198367, 1, 0, 
5.95145, 0, 0, 4.04855, 0.198367, 1, 0, 
5.96142, 0, 0, 4.03858, 0.197147, 1, 0, 
5.9714, 0, 0, 4.0286, 0.200809, 1, 0, 
5.98137, 0, 0, 4.01863, 0.197147, 1, 0, 
5.99134, 0, 0, 4.00866, 0.197147, 1, 0, 
6.00131, 0, 0, 3.99869, 0.197147, 1, 0, 
6.01128, 0, 0, 3.98872, 0.199588, 1, 0, 
6.02126, 0, 0, 3.97874, 0.198367, 1, 0, 
6.03123, 0, 0, 3.96877, 0.200809, 1, 0, 
6.0412, 0, 0, 3.9588, 0.198367, 1, 0, 
6.05117, 0, 0, 3.94883, 0.198367, 1, 0, 
6.06115, 0, 0, 3.93885, 0.197147, 1, 0, 
6.07112, 0, 0, 3.92888, 0.193484, 1, 0, 
6.08109, 0, 0, 3.91891, 0.192264, 1, 0, 
6.09106, 0, 0, 3.90894, 0.195926, 1, 0, 
6.10103, 0, 0, 3.89897, 0.194705, 1, 0, 
6.11101, 0, 0, 3.88899, 0.193484, 1, 0, 
6.12098, 0, 0, 3.87902, 0.194705, 1, 0, 
6.13095, 0, 0, 3.86905, 0.195926, 1, 0, 
6.14092, 0, 0, 3.85908, 0.189822, 1, 0, 
6.1509, 0, 0, 3.8491, 0.193484, 1, 0, 
6.16087, 0, 0, 3.83913, 0.192264, 1, 0, 
6.17084, 0, 0, 3.82916, 0.191043, 1, 0, 
6.18081, 0, 0, 3.81919, 0.192264, 1, 0, 
6.19079, 0, 0, 3.80921, 0.187381, 1, 0, 
6.20076, 0, 0, 3.79924, 0.192264, 1, 0, 
6.21073, 0, 0, 3.78927, 0.191043, 1, 0, 
6.2207, 0, 0, 3.7793, 0.189822, 1, 0, 
6.23067, 0, 0, 3.76933, 0.192264, 1, 0, 
6.24065, 0, 0, 3.75935, 0.187381, 1, 0, 
6.25062, 0, 0, 3.74938, 0.189822, 1, 0, 
6.26059, 0, 0, 3.73941, 0.188602, 1, 0, 
6.27056, 0, 0, 3.72944, 0.188602, 1, 0, 
6.28054, 0, 0, 3.71946, 0.189822, 1, 0, 
6.29051, 0, 0, 3.70949, 0.188602, 1, 0, 
6.30048, 0, 0, 3.69952, 0.18616, 1, 0, 
6.31045, 0, 0, 3.68955, 0.187381, 1, 0, 
6.32042, 0, 0, 3.67958, 0.184939, 1, 0, 
6.3304, 0, 0, 3.6696, 0.189822, 1, 0, 
6.34037, 0, 0, 3.65963, 0.187381, 1, 0, 
6.35034, 0, 0, 3.64966, 0.189822, 1, 0, 
6.36031, 0, 0, 3.63969, 0.184939, 1, 0, 
6.37029, 0, 0, 3.62971, 0.187381, 1, 0, 
6.38026, 0, 0, 3.61974, 0.182498, 1, 0, 
6.39023, 0, 0, 3.60977, 0.18616, 1, 0, 
6.4002, 0, 0, 3.5998, 0.184939, 1, 0, 
6.41018, 0, 0, 3.58982, 0.184939, 1, 0, 
6.42015, 0, 0, 3.57985, 0.182498, 1, 0, 
6.43012, 0, 0, 3.56988, 0.184939, 1, 0, 
6.44009, 0, 0, 3.55991, 0.18616, 1, 0, 
6.45006, 0, 0, 3.54994, 0.183719, 1, 0, 
6.46004, 0, 0, 3.53996, 0.184939, 1, 0, 
6.47001, 0, 0, 3.52999, 0.181277, 1, 0, 
6.47998, 0, 0, 3.52002, 0.18616, 1, 0, 
6.48995, 0, 0, 3.51005, 0.181277, 1, 0, 
6.49992, 0, 0, 3.50008, 0.184939, 1, 0, 
6.5099, 0, 0, 3.4901, 0.180056, 1, 0, 
6.51987, 0, 0, 3.48013, 0.183719, 1, 0, 
6.52984, 0, 0, 3.47016, 0.181277, 1, 0, 
6.53981, 0, 0, 3.46019, 0.182498, 1, 0, 
6.54979, 0, 0, 3.45021, 0.180056, 1, 0, 
6.55976, 0, 0, 3.44024, 0.183719, 1, 0, 
6.56973, 0, 0, 3.43027, 0.183719, 1, 0, 
6.5797, 0, 0, 3.4203, 0.178836, 1, 0, 
6.58968, 0, 0, 3.41032, 0.181277, 1, 0, 
6.59965, 0, 0, 3.40035, 0.180056, 1, 0, 
6.60962, 0, 0, 3.39038, 0.181277, 1, 0, 
6.61959, 0, 0, 3.38041, 0.178836, 1, 0, 
6.62956, 0, 0, 3.37044, 0.178836, 1, 0, 
6.63954, 0, 0, 3.36046, 0.178836, 1, 0, 
6.64951, 0, 0, 3.35049, 0.181277, 1, 0, 
6.65948, 0, 0, 3.34052, 0.177615, 1, 0, 
6.66945, 0, 0, 3.33055, 0.172732, 1, 0, 
6.67943, 0, 0, 3.32057, 0.180056, 1, 0, 
6.6894, 0, 0, 3.3106, 0.178836, 1, 0, 
6.69937, 0, 0, 3.30063, 0.176394, 1, 0, 
6.70934, 0, 0, 3.29066, 0.178836, 1, 0, 
6.71932, 0, 0, 3.28068, 0.176394, 1, 0, 
6.72929, 0, 0, 3.27071, 0.177615, 1, 0, 
6.73926, 0, 0, 3.26074, 0.180056, 1, 0, 
6.74923, 0, 0, 3.25077, 0.177615, 1, 0, 
6.7592, 0, 0, 3.2408, 0.176394, 1, 0, 
6.76918, 0, 0, 3.23082, 0.176394, 1, 0, 
6.77915, 0, 0, 3.22085, 0.176394, 1, 0, 
6.78912, 0, 0, 3.21088, 0.176394, 1, 0, 
6.79909, 0, 0, 3.20091, 0.175174, 1, 0, 
6.80907, 0, 0, 3.19093, 0.176394, 1, 0, 
6.81904, 0, 0, 3.18096, 0.176394, 1, 0, 
6.82901, 0, 0, 3.17099, 0.177615, 1, 0, 
6.83898, 0, 0, 3.16102, 0.177615, 1, 0, 
6.84895, 0, 0, 3.15105, 0.175174, 1, 0, 
6.85893, 0, 0, 3.14107, 0.172732, 1, 0, 
6.8689, 0, 0, 3.1311, 0.171511, 1, 0, 
6.87887, 0, 0, 3.12113, 0.173953, 1, 0, 
6.88884, 0, 0, 3.11116, 0.176394, 1, 0, 
6.89882, 0, 0, 3.10118, 0.176394, 1, 0, 
6.90879, 0, 0, 3.09121, 0.171511, 1, 0, 
6.91876, 0, 0, 3.08124, 0.170291, 1, 0, 
6.92873, 0, 0, 3.07127, 0.171511, 1, 0, 
6.9387, 0, 0, 3.0613, 0.172732, 1, 0, 
6.94868, 0, 0, 3.05132, 0.167849, 1, 0, 
6.95865, 0, 0, 3.04135, 0.171511, 1, 0, 
6.96862, 0, 0, 3.03138, 0.171511, 1, 0, 
6.97859, 0, 0, 3.02141, 0.16907, 1, 0, 
6.98857, 0, 0, 3.01143, 0.167849, 1, 0, 
6.99854, 0, 0, 3.00146, 0.16907, 1, 0, 
7.00851, 0, 0, 2.99149, 0.166629, 1, 0, 
7.01848, 0, 0, 2.98152, 0.16907, 1, 0, 
7.02845, 0, 0, 2.97155, 0.170291, 1, 0, 
7.03843, 0, 0, 2.96157, 0.16907, 1, 0, 
7.0484, 0, 0, 2.9516, 0.16907, 1, 0, 
7.05837, 0, 0, 2.94163, 0.167849, 1, 0, 
7.06834, 0, 0, 2.93166, 0.167849, 1, 0, 
7.07832, 0, 0, 2.92168, 0.16907, 1, 0, 
7.08829, 0, 0, 2.91171, 0.170291, 1, 0, 
7.09826, 0, 0, 2.90174, 0.166629, 1, 0, 
7.10823, 0, 0, 2.89177, 0.166629, 1, 0, 
7.11821, 0, 0, 2.88179, 0.166629, 1, 0, 
7.12818, 0, 0, 2.87182, 0.165408, 1, 0, 
7.13815, 0, 0, 2.86185, 0.166629, 1, 0, 
7.14812, 0, 0, 2.85188, 0.164187, 1, 0, 
7.15809, 0, 0, 2.84191, 0.166629, 1, 0, 
7.16807, 0, 0, 2.83193, 0.166629, 1, 0, 
7.17804, 0, 0, 2.82196, 0.166629, 1, 0, 
7.18801, 0, 0, 2.81199, 0.165408, 1, 0, 
7.19798, 0, 0, 2.80202, 0.162966, 1, 0, 
7.20796, 0, 0, 2.79204, 0.165408, 1, 0, 
7.21793, 0, 0, 2.78207, 0.164187, 1, 0, 
7.2279, 0, 0, 2.7721, 0.164187, 1, 0, 
7.23787, 0, 0, 2.76213, 0.162966, 1, 0, 
7.24785, 0, 0, 2.75215, 0.159304, 1, 0, 
7.25782, 0, 0, 2.74218, 0.164187, 1, 0, 
7.26779, 0, 0, 2.73221, 0.162966, 1, 0, 
7.27776, 0, 0, 2.72224, 0.164187, 1, 0, 
7.28773, 0, 0, 2.71227, 0.160525, 1, 0, 
7.29771, 0, 0, 2.70229, 0.159304, 1, 0, 
7.30768, 0, 0, 2.69232, 0.161746, 1, 0, 
7.31765, 0, 0, 2.68235, 0.159304, 1, 0, 
7.32762, 0, 0, 2.67238, 0.162966, 1, 0, 
7.3376, 0, 0, 2.6624, 0.164187, 1, 0, 
7.34757, 0, 0, 2.65243, 0.161746, 1, 0, 
7.35754, 0, 0, 2.64246, 0.160525, 1, 0, 
7.36751, 0, 0, 2.63249, 0.161746, 1, 0, 
7.37748, 0, 0, 2.62252, 0.161746, 1, 0, 
7.38746, 0, 0, 2.61254, 0.158083, 1, 0, 
7.39743, 0, 0, 2.60257, 0.155642, 1, 0, 
7.4074, 0, 0, 2.5926, 0.160525, 1, 0, 
7.41737, 0, 0, 2.58263, 0.161746, 1, 0, 
7.42735, 0, 0, 2.57265, 0.154421, 1, 0, 
7.43732, 0, 0, 2.56268, 0.158083, 1, 0, 
7.44729, 0, 0, 2.55271, 0.158083, 1, 0, 
7.45726, 0, 0, 2.54274, 0.154421, 1, 0, 
7.46724, 0, 0, 2.53276, 0.156863, 1, 0, 
7.47721, 0, 0, 2.52279, 0.158083, 1, 0, 
7.48718, 0, 0, 2.51282, 0.158083, 1, 0, 
7.49715, 0, 0, 2.50285, 0.153201, 1, 0, 
7.50712, 0, 0, 2.49288, 0.158083, 1, 0, 
7.5171, 0, 0, 2.4829, 0.158083, 1, 0, 
7.52707, 0, 0, 2.47293, 0.158083, 1, 0, 
7.53704, 0, 0, 2.46296, 0.153201, 1, 0, 
7.54701, 0, 0, 2.45299, 0.154421, 1, 0, 
7.55699, 0, 0, 2.44301, 0.155642, 1, 0, 
7.56696, 0, 0, 2.43304, 0.153201, 1, 0, 
7.57693, 0, 0, 2.42307, 0.159304, 1, 0, 
7.5869, 0, 0, 2.4131, 0.154421, 1, 0, 
7.59687, 0, 0, 2.40313, 0.150759, 1, 0, 
7.60685, 0, 0, 2.39315, 0.150759, 1, 0, 
7.61682, 0, 0, 2.38318, 0.153201, 1, 0, 
7.62679, 0, 0, 2.37321, 0.153201, 1, 0, 
7.63676, 0, 0, 2.36324, 0.15198, 1, 0, 
7.64674, 0, 0, 2.35326, 0.150759, 1, 0, 
7.65671, 0, 0, 2.34329, 0.150759, 1, 0, 
7.66668, 0, 0, 2.33332, 0.153201, 1, 0, 
7.67665, 0, 0, 2.32335, 0.154421, 1, 0, 
7.68662, 0, 0, 2.31338, 0.154421, 1, 0, 
7.6966, 0, 0, 2.3034, 0.150759, 1, 0, 
7.70657, 0, 0, 2.29343, 0.153201, 1, 0, 
7.71654, 0, 0, 2.28346, 0.149538, 1, 0, 
7.72651, 0, 0, 2.27349, 0.153201, 1, 0, 
7.73649, 0, 0, 2.26351, 0.148318, 1, 0, 
7.74646, 0, 0, 2.25354, 0.148318, 1, 0, 
7.75643, 0, 0, 2.24357, 0.148318, 1, 0, 
7.7664, 0, 0, 2.2336, 0.155642, 1, 0, 
7.77637, 0, 0, 2.22363, 0.149538, 1, 0, 
7.78635, 0, 0, 2.21365, 0.147097, 1, 0, 
7.79632, 0, 0, 2.20368, 0.149538, 1, 0, 
7.80629, 0, 0, 2.19371, 0.148318, 1, 0, 
7.81626, 0, 0, 2.18374, 0.148318, 1, 0, 
7.82624, 0, 0, 2.17376, 0.148318, 1, 0, 
7.83621, 0, 0, 2.16379, 0.148318, 1, 0, 
7.84618, 0, 0, 2.15382, 0.148318, 1, 0, 
7.85615, 0, 0, 2.14385, 0.149538, 1, 0, 
7.86613, 0, 0, 2.13387, 0.148318, 1, 0, 
7.8761, 0, 0, 2.1239, 0.147097, 1, 0, 
7.88607, 0, 0, 2.11393, 0.148318, 1, 0, 
7.89604, 0, 0, 2.10396, 0.143435, 1, 0, 
7.90602, 0, 0, 2.09398, 0.147097, 1, 0, 
7.91599, 0, 0, 2.08401, 0.144656, 1, 0, 
7.92596, 0, 0, 2.07404, 0.145876, 1, 0, 
7.93593, 0, 0, 2.06407, 0.144656, 1, 0, 
7.9459, 0, 0, 2.0541, 0.145876, 1, 0, 
7.95588, 0, 0, 2.04412, 0.138552, 1, 0, 
7.96585, 0, 0, 2.03415, 0.145876, 1, 0, 
7.97582, 0, 0, 2.02418, 0.143435, 1, 0, 
7.98579, 0, 0, 2.01421, 0.142214, 1, 0, 
7.99576, 0, 0, 2.00424, 0.143435, 1, 0, 
8.00574, 0, 0, 1.99426, 0.139773, 1, 0, 
8.01571, 0, 0, 1.98429, 0.138552, 1, 0, 
8.02568, 0, 0, 1.97432, 0.13611, 1, 0, 
8.03565, 0, 0, 1.96435, 0.138552, 1, 0, 
8.04563, 0, 0, 1.95437, 0.139773, 1, 0, 
8.0556, 0, 0, 1.9444, 0.142214, 1, 0, 
8.06557, 0, 0, 1.93443, 0.142214, 1, 0, 
8.07554, 0, 0, 1.92446, 0.138552, 1, 0, 
8.08552, 0, 0, 1.91448, 0.139773, 1, 0, 
8.09549, 0, 0, 1.90451, 0.140993, 1, 0, 
8.10546, 0, 0, 1.89454, 0.144656, 1, 0, 
8.11543, 0, 0, 1.88457, 0.138552, 1, 0, 
8.1254, 0, 0, 1.8746, 0.13611, 1, 0, 
8.13538, 0, 0, 1.86462, 0.13611, 1, 0, 
8.14535, 0, 0, 1.85465, 0.13489, 1, 0, 
8.15532, 0, 0, 1.84468, 0.139773, 1, 0, 
8.16529, 0, 0, 1.83471, 0.137331, 1, 0, 
8.17527, 0, 0, 1.82473, 0.13611, 1, 0, 
8.18524, 0, 0, 1.81476, 0.138552, 1, 0, 
8.19521, 0, 0, 1.80479, 0.138552, 1, 0, 
8.20518, 0, 0, 1.79482, 0.138552, 1, 0, 
8.21515, 0, 0, 1.78485, 0.139773, 1, 0, 
8.22513, 0, 0, 1.77487, 0.133669, 1, 0, 
8.2351, 0, 0, 1.7649, 0.133669, 1, 0, 
8.24507, 0, 0, 1.75493, 0.13489, 1, 0, 
8.25504, 0, 0, 1.74496, 0.133669, 1, 0, 
8.26502, 0, 0, 1.73498, 0.133669, 1, 0, 
8.27499, 0, 0, 1.72501, 0.13489, 1, 0, 
8.28496, 0, 0, 1.71504, 0.13611, 1, 0, 
8.29493, 0, 0, 1.70507, 0.130007, 1, 0, 
8.30491, 0, 0, 1.69509, 0.133669, 1, 0, 
8.31488, 0, 0, 1.68512, 0.133669, 1, 0, 
8.32485, 0, 0, 1.67515, 0.13489, 1, 0, 
8.33482, 0, 0, 1.66518, 0.133669, 1, 0, 
8.34479, 0, 0, 1.65521, 0.131228, 1, 0, 
8.35477, 0, 0, 1.64523, 0.133669, 1, 0, 
8.36474, 0, 0, 1.63526, 0.133669, 1, 0, 
8.37471, 0, 0, 1.62529, 0.131228, 1, 0, 
8.38468, 0, 0, 1.61532, 0.132448, 1, 0, 
8.39466, 0, 0, 1.60534, 0.13611, 1, 0, 
8.40463, 0, 0, 1.59537, 0.130007, 1, 0, 
8.4146, 0, 0, 1.5854, 0.128786, 1, 0, 
8.42457, 0, 0, 1.57543, 0.131228, 1, 0, 
8.43454, 0, 0, 1.56546, 0.127565, 1, 0, 
8.44452, 0, 0, 1.55548, 0.130007, 1, 0, 
8.45449, 0, 0, 1.54551, 0.127565, 1, 0, 
8.46446, 0, 0, 1.53554, 0.123903, 1, 0, 
8.47443, 0, 0, 1.52557, 0.128786, 1, 0, 
8.48441, 0, 0, 1.51559, 0.130007, 1, 0, 
8.49438, 0, 0, 1.50562, 0.128786, 1, 0, 
8.50435, 0, 0, 1.49565, 0.128786, 1, 0, 
8.51432, 0, 0, 1.48568, 0.127565, 1, 0, 
8.5243, 0, 0, 1.4757, 0.127565, 1, 0, 
8.53427, 0, 0, 1.46573, 0.128786, 1, 0, 
8.54424, 0, 0, 1.45576, 0.128786, 1, 0, 
8.55421, 0, 0, 1.44579, 0.127565, 1, 0, 
8.56418, 0, 0, 1.43582, 0.127565, 1, 0, 
8.57416, 0, 0, 1.42584, 0.125124, 1, 0, 
8.58413, 0, 0, 1.41587, 0.127565, 1, 0, 
8.5941, 0, 0, 1.4059, 0.127565, 1, 0, 
8.60407, 0, 0, 1.39593, 0.127565, 1, 0, 
8.61405, 0, 0, 1.38595, 0.127565, 1, 0, 
8.62402, 0, 0, 1.37598, 0.123903, 1, 0, 
8.63399, 0, 0, 1.36601, 0.122683, 1, 0, 
8.64396, 0, 0, 1.35604, 0.123903, 1, 0, 
8.65393, 0, 0, 1.34607, 0.122683, 1, 0, 
8.66391, 0, 0, 1.33609, 0.125124, 1, 0, 
8.67388, 0, 0, 1.32612, 0.120241, 1, 0, 
8.68385, 0, 0, 1.31615, 0.122683, 1, 0, 
8.69382, 0, 0, 1.30618, 0.122683, 1, 0, 
8.7038, 0, 0, 1.2962, 0.122683, 1, 0, 
8.71377, 0, 0, 1.28623, 0.125124, 1, 0, 
8.72374, 0, 0, 1.27626, 0.120241, 1, 0, 
8.73371, 0, 0, 1.26629, 0.121462, 1, 0, 
8.74369, 0, 0, 1.25631, 0.122683, 1, 0, 
8.75366, 0, 0, 1.24634, 0.122683, 1, 0, 
8.76363, 0, 0, 1.23637, 0.122683, 1, 0, 
8.7736, 0, 0, 1.2264, 0.120241, 1, 0, 
8.78357, 0, 0, 1.21643, 0.120241, 1, 0, 
8.79355, 0, 0, 1.20645, 0.11902, 1, 0, 
8.80352, 0, 0, 1.19648, 0.1178, 1, 0, 
8.81349, 0, 0, 1.18651, 0.1178, 1, 0, 
8.82346, 0, 0, 1.17654, 0.120241, 1, 0, 
8.83343, 0, 0, 1.16657, 0.1178, 1, 0, 
8.84341, 0, 0, 1.15659, 0.120241, 1, 0, 
8.85338, 0, 0, 1.14662, 0.120241, 1, 0, 
8.86335, 0, 0, 1.13665, 0.115358, 1, 0, 
8.87332, 0, 0, 1.12668, 0.114137, 1, 0, 
8.8833, 0, 0, 1.1167, 0.116579, 1, 0, 
8.89327, 0, 0, 1.10673, 0.1178, 1, 0, 
8.90324, 0, 0, 1.09676, 0.120241, 1, 0, 
8.91321, 0, 0, 1.08679, 0.115358, 1, 0, 
8.92319, 0, 0, 1.07681, 0.1178, 1, 0, 
8.93316, 0, 0, 1.06684, 0.11902, 1, 0, 
8.94313, 0, 0, 1.05687, 0.115358, 1, 0, 
8.9531, 0, 0, 1.0469, 0.115358, 1, 0, 
8.96307, 0, 0, 1.03693, 0.115358, 1, 0, 
8.97305, 0, 0, 1.02695, 0.115358, 1, 0, 
8.98302, 0, 0, 1.01698, 0.115358, 1, 0, 
8.99299, 0, 0, 1.00701, 0.114137, 1, 0, 
9.00296, 0, 0, 0.997036, 0.110475, 1, 0, 
9.01294, 0, 0, 0.987064, 0.111696, 1, 0, 
9.02291, 0, 0, 0.977091, 0.115358, 1, 0, 
9.03288, 0, 0, 0.96712, 0.111696, 1, 0, 
9.04285, 0, 0, 0.957147, 0.112917, 1, 0, 
9.05282, 0, 0, 0.947175, 0.116579, 1, 0, 
9.0628, 0, 0, 0.937202, 0.114137, 1, 0, 
9.07277, 0, 0, 0.927231, 0.114137, 1, 0, 
9.08274, 0, 0, 0.917258, 0.111696, 1, 0, 
9.09271, 0, 0, 0.907286, 0.112917, 1, 0, 
9.10269, 0, 0, 0.897315, 0.110475, 1, 0, 
9.11266, 0, 0, 0.887341, 0.109255, 1, 0, 
9.12263, 0, 0, 0.877369, 0.109255, 1, 0, 
9.1326, 0, 0, 0.867397, 0.111696, 1, 0, 
9.14258, 0, 0, 0.857424, 0.111696, 1, 0, 
9.15255, 0, 0, 0.847452, 0.110475, 1, 0, 
9.16252, 0, 0, 0.83748, 0.115358, 1, 0, 
9.17249, 0, 0, 0.827508, 0.110475, 1, 0, 
9.18247, 0, 0, 0.817535, 0.109255, 1, 0, 
9.19244, 0, 0, 0.807564, 0.111696, 1, 0, 
9.20241, 0, 0, 0.79759, 0.110475, 1, 0, 
9.21238, 0, 0, 0.787618, 0.111696, 1, 0, 
9.22235, 0, 0, 0.777646, 0.111696, 1, 0, 
9.23233, 0, 0, 0.767674, 0.109255, 1, 0, 
9.2423, 0, 0, 0.757701, 0.110475, 1, 0, 
9.25227, 0, 0, 0.74773, 0.110475, 1, 0, 
9.26224, 0, 0, 0.737757, 0.110475, 1, 0, 
9.27222, 0, 0, 0.727785, 0.108034, 1, 0, 
9.28219, 0, 0, 0.717812, 0.108034, 1, 0, 
9.29216, 0, 0, 0.707841, 0.109255, 1, 0, 
9.30213, 0, 0, 0.697868, 0.105592, 1, 0, 
9.31211, 0, 0, 0.687894, 0.104372, 1, 0, 
9.32208, 0, 0, 0.677924, 0.108034, 1, 0, 
9.33205, 0, 0, 0.667951, 0.106813, 1, 0, 
9.34202, 0, 0, 0.657979, 0.105592, 1, 0, 
9.35199, 0, 0, 0.648007, 0.103151, 1, 0, 
9.36197, 0, 0, 0.638034, 0.103151, 1, 0, 
9.37194, 0, 0, 0.628063, 0.104372, 1, 0, 
9.38191, 0, 0, 0.61809, 0.104372, 1, 0, 
9.39188, 0, 0, 0.608118, 0.104372, 1, 0, 
9.40185, 0, 0, 0.598145, 0.103151, 1, 0, 
9.41183, 0, 0, 0.588174, 0.105592, 1, 0, 
9.4218, 0, 0, 0.578201, 0.106813, 1, 0, 
9.43177, 0, 0, 0.568229, 0.106813, 1, 0, 
9.44174, 0, 0, 0.558256, 0.105592, 1, 0, 
9.45172, 0, 0, 0.548284, 0.104372, 1, 0, 
9.46169, 0, 0, 0.538311, 0.0994888, 1, 0, 
9.47166, 0, 0, 0.52834, 0.103151, 1, 0, 
9.48163, 0, 0, 0.518367, 0.103151, 1, 0, 
9.4916, 0, 0, 0.508396, 0.0994888, 1, 0, 
9.50158, 0, 0, 0.498423, 0.103151, 1, 0, 
9.51155, 0, 0, 0.488451, 0.0982681, 1, 0, 
9.52152, 0, 0, 0.478478, 0.0982681, 1, 0, 
9.53149, 0, 0, 0.468506, 0.10071, 1, 0, 
9.54147, 0, 0, 0.458534, 0.10071, 1, 0, 
9.55144, 0, 0, 0.448561, 0.0994888, 1, 0, 
9.56141, 0, 0, 0.438589, 0.0933852, 1, 0, 
9.57138, 0, 0, 0.428617, 0.103151, 1, 0, 
9.58136, 0, 0, 0.418644, 0.10193, 1, 0, 
9.59133, 0, 0, 0.408673, 0.0946059, 1, 0, 
9.6013, 0, 0, 0.3987, 0.0970474, 1, 0, 
9.61127, 0, 0, 0.388728, 0.0982681, 1, 0, 
9.62124, 0, 0, 0.378757, 0.0958267, 1, 0, 
9.63122, 0, 0, 0.368784, 0.0958267, 1, 0, 
9.64119, 0, 0, 0.358811, 0.0982681, 1, 0, 
9.65116, 0, 0, 0.348839, 0.0958267, 1, 0, 
9.66113, 0, 0, 0.338866, 0.0946059, 1, 0, 
9.67111, 0, 0, 0.328894, 0.0958267, 1, 0, 
9.68108, 0, 0, 0.318922, 0.0994888, 1, 0, 
9.69105, 0, 0, 0.30895, 0.0982681, 1, 0, 
9.70102, 0, 0, 0.298977, 0.0946059, 1, 0, 
9.71099, 0, 0, 0.289005, 0.0970474, 1, 0, 
9.72097, 0, 0, 0.279033, 0.0958267, 1, 0, 
9.73094, 0, 0, 0.269061, 0.0958267, 1, 0, 
9.74091, 0, 0, 0.259088, 0.0982681, 1, 0, 
9.75088, 0, 0, 0.249116, 0.0982681, 1, 0, 
9.76086, 0, 0, 0.239144, 0.0958267, 1, 0, 
9.77083, 0, 0, 0.229172, 0.0933852, 1, 0, 
9.7808, 0, 0, 0.219199, 0.0933852, 1, 0, 
9.79077, 0, 0, 0.209227, 0.0909438, 1, 0, 
9.80075, 0, 0, 0.199255, 0.0946059, 1, 0, 
9.81072, 0, 0, 0.189283, 0.0933852, 1, 0, 
9.82069, 0, 0, 0.17931, 0.0970474, 1, 0, 
9.83066, 0, 0, 0.169336, 0.0933852, 1, 0, 
9.84063, 0, 0, 0.159366, 0.0958267, 1, 0, 
9.85061, 0, 0, 0.149393, 0.0921645, 1, 0, 
9.86058, 0, 0, 0.139421, 0.089723, 1, 0, 
9.87055, 0, 0, 0.129449, 0.0885023, 1, 0, 
9.88052, 0, 0, 0.119477, 0.0885023, 1, 0, 
9.8905, 0, 0, 0.109504, 0.0872816, 1, 0, 
9.90047, 0, 0, 0.0995316, 0.0872816, 1, 0, 
9.91044, 0, 0, 0.08956, 0.089723, 1, 0, 
9.92041, 0, 0, 0.0795878, 0.0885023, 1, 0, 
9.93038, 0, 0, 0.0696159, 0.0885023, 1, 0, 
9.94036, 0, 0, 0.0596427, 0.0885023, 1, 0, 
9.95033, 0, 0, 0.0496713, 0.0885023, 1, 0, 
9.9603, 0, 0, 0.0396985, 0.0885023, 1, 0, 
9.97027, 0, 0, 0.0297267, 0.0909438, 1, 0, 
9.98025, 0, 0, 0.0197536, 0.0872816, 1, 0, 
9.99022, 0, 0, 0.00978181, 0.0872816, 1, 0, 
10.0002, 0, 0, -0.00019076, 0.0885023, 1, 0, 
10.0102, 0, 0, -0.0101623, 0.0885023, 1, 0, 
10.0201, 0, 0, -0.0201355, 0.0909438, 1, 0, 
10.0301, 0, 0, -0.0301072, 0.089723, 1, 0, 
10.0401, 0, 0, -0.0400794, 0.0885023, 1, 0, 
10.0501, 0, 0, -0.0500518, 0.0860609, 1, 0, 
10.06, 0, 0, -0.0600242, 0.0885023, 1, 0, 
10.07, 0, 0, -0.0699964, 0.0885023, 1, 0, 
10.08, 0, 0, -0.0799689, 0.0885023, 1, 0, 
10.0899, 0, 0, -0.0899408, 0.0872816, 1, 0, 
10.0999, 0, 0, -0.0999131, 0.0872816, 1, 0, 
10.1099, 0, 0, -0.109885, 0.0860609, 1, 0, 
10.1199, 0, 0, -0.119858, 0.0836194, 1, 0, 
10.1298, 0, 0, -0.129829, 0.0860609, 1, 0, 
10.1398, 0, 0, -0.139801, 0.0848402, 1, 0, 
10.1498, 0, 0, -0.149774, 0.0872816, 1, 0, 
10.1597, 0, 0, -0.159747, 0.0860609, 1, 0, 
10.1697, 0, 0, -0.169719, 0.0860609, 1, 0, 
10.1797, 0, 0, -0.179692, 0.081178, 1, 0, 
10.1897, 0, 0, -0.189663, 0.0823987, 1, 0, 
10.1996, 0, 0, -0.199636, 0.0848402, 1, 0, 
10.2096, 0, 0, -0.209608, 0.0848402, 1, 0, 
10.2196, 0, 0, -0.21958, 0.0848402, 1, 0, 
10.2296, 0, 0, -0.229553, 0.0848402, 1, 0, 
10.2395, 0, 0, -0.239525, 0.0823987, 1, 0, 
10.2495, 0, 0, -0.249497, 0.0823987, 1, 0, 
10.2595, 0, 0, -0.25947, 0.081178, 1, 0, 
10.2694, 0, 0, -0.269442, 0.0762951, 1, 0, 
10.2794, 0, 0, -0.279414, 0.0823987, 1, 0, 
10.2894, 0, 0, -0.289386, 0.081178, 1, 0, 
10.2994, 0, 0, -0.299359, 0.0799573, 1, 0, 
10.3093, 0, 0, -0.30933, 0.0787366, 1, 0, 
10.3193, 0, 0, -0.319303, 0.0787366, 1, 0, 
10.3293, 0, 0, -0.329275, 0.0823987, 1, 0, 
10.3392, 0, 0, -0.339248, 0.0799573, 1, 0, 
10.3492, 0, 0, -0.349221, 0.0787366, 1, 0, 
10.3592, 0, 0, -0.359192, 0.0787366, 1, 0, 
10.3692, 0, 0, -0.369164, 0.0775158, 1, 0, 
10.3791, 0, 0, -0.379137, 0.0787366, 1, 0, 
10.3891, 0, 0, -0.389109, 0.0762951, 1, 0, 
10.3991, 0, 0, -0.399081, 0.0787366, 1, 0, 
10.4091, 0, 0, -0.409053, 0.0762951, 1, 0, 
10.419, 0, 0, -0.419026, 0.0750744, 1, 0, 
10.429, 0, 0, -0.428998, 0.0762951, 1, 0, 
10.439, 0, 0, -0.43897, 0.0775158, 1, 0, 
10.4489, 0, 0, -0.448942, 0.0799573, 1, 0, 
10.4589, 0, 0, -0.458915, 0.0750744, 1, 0, 
10.4689, 0, 0, -0.468886, 0.0762951, 1, 0, 
10.4789, 0, 0, -0.47886, 0.0738537, 1, 0, 
10.4888, 0, 0, -0.488831, 0.0738537, 1, 0, 
10.4988, 0, 0, -0.498804, 0.0762951, 1, 0, 
10.5088, 0, 0, -0.508776, 0.0799573, 1, 0, 
10.5187, 0, 0, -0.518749, 0.0762951, 1, 0, 
10.5287, 0, 0, -0.528721, 0.0750744, 1, 0, 
10.5387, 0, 0, -0.538693, 0.0750744, 1, 0, 
10.5487, 0, 0, -0.548665, 0.0762951, 1, 0, 
10.5586, 0, 0, -0.558637, 0.0762951, 1, 0, 
10.5686, 0, 0, -0.56861, 0.0726329, 1, 0, 
10.5786, 0, 0, -0.578582, 0.0701915, 1, 0, 
10.5886, 0, 0, -0.588554, 0.0726329, 1, 0, 
10.5985, 0, 0, -0.598526, 0.0714122, 1, 0, 
10.6085, 0, 0, -0.608499, 0.0726329, 1, 0, 
10.6185, 0, 0, -0.618471, 0.0750744, 1, 0, 
10.6284, 0, 0, -0.628443, 0.0714122, 1, 0, 
10.6384, 0, 0, -0.638415, 0.0726329, 1, 0, 
10.6484, 0, 0, -0.648387, 0.0714122, 1, 0, 
10.6584, 0, 0, -0.658359, 0.0726329, 1, 0, 
10.6683, 0, 0, -0.668332, 0.0701915, 1, 0, 
10.6783, 0, 0, -0.678305, 0.0701915, 1, 0, 
10.6883, 0, 0, -0.688276, 0.0689708, 1, 0, 
10.6982, 0, 0, -0.69825, 0.0714122, 1, 0, 
10.7082, 0, 0, -0.708221, 0.0714122, 1, 0, 
10.7182, 0, 0, -0.718194, 0.0738537, 1, 0, 
10.7282, 0, 0, -0.728165, 0.0726329, 1, 0, 
10.7381, 0, 0, -0.738138, 0.0665293, 1, 0, 
10.7481, 0, 0, -0.74811, 0.0726329, 1, 0, 
10.7581, 0, 0, -0.758083, 0.0689708, 1, 0, 
10.7681, 0, 0, -0.768055, 0.0714122, 1, 0, 
10.778, 0, 0, -0.778027, 0.0689708, 1, 0, 
10.788, 0, 0, -0.787999, 0.0665293, 1, 0, 
10.798, 0, 0, -0.797972, 0.0653086, 1, 0, 
10.8079, 0, 0, -0.807944, 0.0653086, 1, 0, 
10.8179, 0, 0, -0.817916, 0.0665293, 1, 0, 
10.8279, 0, 0, -0.827888, 0.0640879, 1, 0, 
10.8379, 0, 0, -0.837861, 0.0677501, 1, 0, 
10.8478, 0, 0, -0.847833, 0.0701915, 1, 0, 
10.8578, 0, 0, -0.857806, 0.0701915, 1, 0, 
10.8678, 0, 0, -0.867779, 0.0665293, 1, 0, 
10.8778, 0, 0, -0.87775, 0.0653086, 1, 0, 
10.8877, 0, 0, -0.887722, 0.0653086, 1, 0, 
10.8977, 0, 0, -0.897694, 0.0653086, 1, 0, 
10.9077, 0, 0, -0.907666, 0.0653086, 1, 0, 
10.9176, 0, 0, -0.917639, 0.0653086, 1, 0, 
10.9276, 0, 0, -0.927611, 0.0653086, 1, 0, 
10.9376, 0, 0, -0.937583, 0.0616464, 1, 0, 
10.9476, 0, 0, -0.947556, 0.0616464, 1, 0, 
10.9575, 0, 0, -0.957528, 0.0640879, 1, 0, 
10.9675, 0, 0, -0.9675, 0.0653086, 1, 0, 
10.9775, 0, 0, -0.977473, 0.0653086, 1, 0, 
10.9874, 0, 0, -0.987445, 0.0665293, 1, 0, 
10.9974, 0, 0, -0.997417, 0.0616464, 1, 0, 
11.0074, 0, 0, -1.00739, 0.0616464, 1, 0, 
11.0174, 0, 0, -1.01736, 0.0616464, 1, 0, 
11.0273, 0, 0, -1.02733, 0.0640879, 1, 0, 
11.0373, 0, 0, -1.03731, 0.0604257, 1, 0, 
11.0473, 0, 0, -1.04728, 0.0567636, 1, 0, 
11.0573, 0, 0, -1.05725, 0.0567636, 1, 0, 
11.0672, 0, 0, -1.06722, 0.0616464, 1, 0, 
11.0772, 0, 0, -1.0772, 0.0567636, 1, 0, 
11.0872, 0, 0, -1.08717, 0.059205, 1, 0, 
11.0971, 0, 0, -1.09714, 0.059205, 1, 0, 
11.1071, 0, 0, -1.10711, 0.0579843, 1, 0, 
11.1171, 0, 0, -1.11708, 0.0555428, 1, 0, 
11.1271, 0, 0, -1.12706, 0.0567636, 1, 0, 
11.137, 0, 0, -1.13703, 0.0616464, 1, 0, 
11.147, 0, 0, -1.147, 0.0567636, 1, 0, 
11.157, 0, 0, -1.15697, 0.0567636, 1, 0, 
11.1669, 0, 0, -1.16695, 0.059205, 1, 0, 
11.1769, 0, 0, -1.17692, 0.0555428, 1, 0, 
11.1869, 0, 0, -1.18689, 0.0567636, 1, 0, 
11.1969, 0, 0, -1.19686, 0.0555428, 1, 0, 
11.2068, 0, 0, -1.20683, 0.0518807, 1, 0, 
11.2168, 0, 0, -1.21681, 0.0543221, 1, 0, 
11.2268, 0, 0, -1.22678, 0.0543221, 1, 0, 
11.2368, 0, 0, -1.23675, 0.0543221, 1, 0, 
11.2467, 0, 0, -1.24672, 0.0567636, 1, 0, 
11.2567, 0, 0, -1.2567, 0.0555428, 1, 0, 
11.2667, 0, 0, -1.26667, 0.0567636, 1, 0, 
11.2766, 0, 0, -1.27664, 0.0567636, 1, 0, 
11.2866, 0, 0, -1.28661, 0.05066, 1, 0, 
11.2966, 0, 0, -1.29659, 0.0543221, 1, 0, 
11.3066, 0, 0, -1.30656, 0.0531014, 1, 0, 
11.3165, 0, 0, -1.31653, 0.0531014, 1, 0, 
11.3265, 0, 0, -1.3265, 0.0531014, 1, 0, 
11.3365, 0, 0, -1.33647, 0.0518807, 1, 0, 
11.3464, 0, 0, -1.34645, 0.0494392, 1, 0, 
11.3564, 0, 0, -1.35642, 0.0494392, 1, 0, 
11.3664, 0, 0, -1.36639, 0.0518807, 1, 0, 
11.3764, 0, 0, -1.37636, 0.0531014, 1, 0, 
11.3863, 0, 0, -1.38634, 0.0518807, 1, 0, 
11.3963, 0, 0, -1.39631, 0.0531014, 1, 0, 
11.4063, 0, 0, -1.40628, 0.05066, 1, 0, 
11.4163, 0, 0, -1.41625, 0.0494392, 1, 0, 
11.4262, 0, 0, -1.42622, 0.05066, 1, 0, 
11.4362, 0, 0, -1.4362, 0.0518807, 1, 0, 
11.4462, 0, 0, -1.44617, 0.0518807, 1, 0, 
11.4561, 0, 0, -1.45614, 0.0494392, 1, 0, 
11.4661, 0, 0, -1.46611, 0.0494392, 1, 0, 
11.4761, 0, 0, -1.47609, 0.0469978, 1, 0, 
11.4861, 0, 0, -1.48606, 0.05066, 1, 0, 
11.496, 0, 0, -1.49603, 0.0469978, 1, 0, 
11.506, 0, 0, -1.506, 0.0445563, 1, 0, 
11.516, 0, 0, -1.51598, 0.0457771, 1, 0, 
11.5259, 0, 0, -1.52595, 0.0494392, 1, 0, 
11.5359, 0, 0, -1.53592, 0.05066, 1, 0, 
11.5459, 0, 0, -1.54589, 0.0469978, 1, 0, 
11.5559, 0, 0, -1.55586, 0.0433356, 1, 0, 
11.5658, 0, 0, -1.56584, 0.0482185, 1, 0, 
11.5758, 0, 0, -1.57581, 0.0445563, 1, 0, 
11.5858, 0, 0, -1.58578, 0.0445563, 1, 0, 
11.5958, 0, 0, -1.59575, 0.0494392, 1, 0, 
11.6057, 0, 0, -1.60573, 0.0408942, 1, 0, 
11.6157, 0, 0, -1.6157, 0.0433356, 1, 0, 
11.6257, 0, 0, -1.62567, 0.0445563, 1, 0, 
11.6356, 0, 0, -1.63564, 0.0445563, 1, 0, 
11.6456, 0, 0, -1.64561, 0.0433356, 1, 0, 
11.6556, 0, 0, -1.65559, 0.0408942, 1, 0, 
11.6656, 0, 0, -1.66556, 0.0445563, 1, 0, 
11.6755, 0, 0, -1.67553, 0.0408942, 1, 0, 
11.6855, 0, 0, -1.6855, 0.0433356, 1, 0, 
11.6955, 0, 0, -1.69547, 0.0408942, 1, 0, 
11.7054, 0, 0, -1.70545, 0.0433356, 1, 0, 
11.7154, 0, 0, -1.71542, 0.0408942, 1, 0, 
11.7254, 0, 0, -1.72539, 0.0421149, 1, 0, 
11.7354, 0, 0, -1.73537, 0.0421149, 1, 0, 
11.7453, 0, 0, -1.74534, 0.0384527, 1, 0, 
11.7553, 0, 0, -1.75531, 0.0408942, 1, 0, 
11.7653, 0, 0, -1.76528, 0.0396735, 1, 0, 
11.7753, 0, 0, -1.77525, 0.037232, 1, 0, 
11.7852, 0, 0, -1.78523, 0.037232, 1, 0, 
11.7952, 0, 0, -1.7952, 0.0384527, 1, 0, 
11.8052, 0, 0, -1.80517, 0.0396735, 1, 0, 
11.8151, 0, 0, -1.81514, 0.0421149, 1, 0, 
11.8251, 0, 0, -1.82512, 0.037232, 1, 0, 
11.8351, 0, 0, -1.83509, 0.0396735, 1, 0, 
11.8451, 0, 0, -1.84506, 0.037232, 1, 0, 
11.855, 0, 0, -1.85503, 0.0384527, 1, 0, 
11.865, 0, 0, -1.865, 0.0396735, 1, 0, 
11.875, 0, 0, -1.87498, 0.0408942, 1, 0, 
11.8849, 0, 0, -1.88495, 0.0384527, 1, 0, 
11.8949, 0, 0, -1.89492, 0.0384527, 1, 0, 
11.9049, 0, 0, -1.9049, 0.037232, 1, 0, 
11.9149, 0, 0, -1.91487, 0.0347906, 1, 0, 
11.9248, 0, 0, -1.92484, 0.037232, 1, 0, 
11.9348, 0, 0, -1.93481, 0.0360113, 1, 0, 
11.9448, 0, 0, -1.94478, 0.037232, 1, 0, 
11.9548, 0, 0, -1.95475, 0.0335698, 1, 0, 
11.9647, 0, 0, -1.96473, 0.0335698, 1, 0, 
11.9747, 0, 0, -1.9747, 0.0347906, 1, 0, 
11.9847, 0, 0, -1.98467, 0.0323491, 1, 0, 
11.9946, 0, 0, -1.99464, 0.0311284, 1, 0, 
12.0046, 0, 0, -2.00462, 0.0347906, 1, 0, 
12.0146, 0, 0, -2.01459, 0.0347906, 1, 0, 
12.0246, 0, 0, -2.02456, 0.0335698, 1, 0, 
12.0345, 0, 0, -2.03453, 0.0311284, 1, 0, 
12.0445, 0, 0, -2.0445, 0.0335698, 1, 0, 
12.0545, 0, 0, -2.05448, 0.0335698, 1, 0, 
12.0644, 0, 0, -2.06445, 0.0335698, 1, 0, 
12.0744, 0, 0, -2.07442, 0.0335698, 1, 0, 
12.0844, 0, 0, -2.08439, 0.0335698, 1, 0, 
12.0944, 0, 0, -2.09437, 0.0311284, 1, 0, 
12.1043, 0, 0, -2.10434, 0.0335698, 1, 0, 
12.1143, 0, 0, -2.11431, 0.0311284, 1, 0, 
12.1243, 0, 0, -2.12428, 0.0335698, 1, 0, 
12.1343, 0, 0, -2.13426, 0.0335698, 1, 0, 
12.1442, 0, 0, -2.14423, 0.0323491, 1, 0, 
12.1542, 0, 0, -2.1542, 0.0299077, 1, 0, 
12.1642, 0, 0, -2.16417, 0.0299077, 1, 0, 
12.1741, 0, 0, -2.17414, 0.0323491, 1, 0, 
12.1841, 0, 0, -2.18412, 0.0323491, 1, 0, 
12.1941, 0, 0, -2.19409, 0.0299077, 1, 0, 
12.2041, 0, 0, -2.20406, 0.0274662, 1, 0, 
12.214, 0, 0, -2.21403, 0.0299077, 1, 0, 
12.224, 0, 0, -2.22401, 0.0299077, 1, 0, 
12.234, 0, 0, -2.23398, 0.0274662, 1, 0, 
12.244, 0, 0, -2.24395, 0.0225834, 1, 0, 
12.2539, 0, 0, -2.25392, 0.0250248, 1, 0, 
12.2639, 0, 0, -2.26389, 0.0250248, 1, 0, 
12.2739, 0, 0, -2.27387, 0.0250248, 1, 0, 
12.2838, 0, 0, -2.28384, 0.0274662, 1, 0, 
12.2938, 0, 0, -2.29381, 0.0238041, 1, 0, 
12.3038, 0, 0, -2.30378, 0.0238041, 1, 0, 
12.3138, 0, 0, -2.31376, 0.0274662, 1, 0, 
12.3237, 0, 0, -2.32373, 0.0274662, 1, 0, 
12.3337, 0, 0, -2.3337, 0.0250248, 1, 0, 
12.3437, 0, 0, -2.34367, 0.0262455, 1, 0, 
12.3536, 0, 0, -2.35365, 0.0201419, 1, 0, 
12.3636, 0, 0, -2.36362, 0.0238041, 1, 0, 
12.3736, 0, 0, -2.37359, 0.0250248, 1, 0, 
12.3836, 0, 0, -2.38356, 0.0238041, 1, 0, 
12.3935, 0, 0, -2.39353, 0.0262455, 1, 0, 
12.4035, 0, 0, -2.40351, 0.0250248, 1, 0, 
12.4135, 0, 0, -2.41348, 0.0262455, 1, 0, 
12.4235, 0, 0, -2.42345, 0.0225834, 1, 0, 
12.4334, 0, 0, -2.43342, 0.0201419, 1, 0, 
12.4434, 0, 0, -2.4434, 0.0250248, 1, 0, 
12.4534, 0, 0, -2.45337, 0.0225834, 1, 0, 
12.4633, 0, 0, -2.46334, 0.0201419, 1, 0, 
12.4733, 0, 0, -2.47331, 0.0177005, 1, 0, 
12.4833, 0, 0, -2.48328, 0.0201419, 1, 0, 
12.4933, 0, 0, -2.49326, 0.0225834, 1, 0, 
12.5032, 0, 0, -2.50323, 0.0213626, 1, 0, 
12.5132, 0, 0, -2.5132, 0.015259, 1, 0, 
12.5232, 0, 0, -2.52317, 0.0164797, 1, 0, 
12.5331, 0, 0, -2.53315, 0.0201419, 1, 0, 
12.5431, 0, 0, -2.54312, 0.0189212, 1, 0, 
12.5531, 0, 0, -2.55309, 0.0201419, 1, 0, 
12.5631, 0, 0, -2.56306, 0.0201419, 1, 0, 
12.573, 0, 0, -2.57304, 0.0201419, 1, 0, 
12.583, 0, 0, -2.58301, 0.0201419, 1, 0, 
12.593, 0, 0, -2.59298, 0.0189212, 1, 0, 
12.603, 0, 0, -2.60295, 0.0201419, 1, 0, 
12.6129, 0, 0, -2.61293, 0.0201419, 1, 0, 
12.6229, 0, 0, -2.6229, 0.0177005, 1, 0, 
12.6329, 0, 0, -2.63287, 0.0128176, 1, 0, 
12.6428, 0, 0, -2.64284, 0.0164797, 1, 0, 
12.6528, 0, 0, -2.65281, 0.0140383, 1, 0, 
12.6628, 0, 0, -2.66278, 0.015259, 1, 0, 
12.6728, 0, 0, -2.67276, 0.0128176, 1, 0, 
12.6827, 0, 0, -2.68273, 0.0164797, 1, 0, 
12.6927, 0, 0, -2.6927, 0.0140383, 1, 0, 
12.7027, 0, 0, -2.70267, 0.0201419, 1, 0, 
12.7126, 0, 0, -2.71265, 0.0103761, 1, 0, 
12.7226, 0, 0, -2.72262, 0.0177005, 1, 0, 
12.7326, 0, 0, -2.73259, 0.0140383, 1, 0, 
12.7426, 0, 0, -2.74256, 0.0115969, 1, 0, 
12.7525, 0, 0, -2.75254, 0.0128176, 1, 0, 
12.7625, 0, 0, -2.76251, 0.0128176, 1, 0, 
12.7725, 0, 0, -2.77248, 0.0115969, 1, 0, 
12.7825, 0, 0, -2.78245, 0.0128176, 1, 0, 
12.7924, 0, 0, -2.79243, 0.0177005, 1, 0, 
12.8024, 0, 0, -2.8024, 0.0140383, 1, 0, 
12.8124, 0, 0, -2.81237, 0.0128176, 1, 0, 
12.8223, 0, 0, -2.82234, 0.0103761, 1, 0, 
12.8323, 0, 0, -2.83231, 0.0103761, 1, 0, 
12.8423, 0, 0, -2.84229, 0.0103761, 1, 0, 
12.8523, 0, 0, -2.85226, 0.0103761, 1, 0, 
12.8622, 0, 0, -2.86223, 0.0103761, 1, 0, 
12.8722, 0, 0, -2.8722, 0.0115969, 1, 0, 
12.8822, 0, 0, -2.88217, 0.0140383, 1, 0, 
12.8921, 0, 0, -2.89215, 0.00915541, 1, 0, 
12.9021, 0, 0, -2.90212, 0.00915541, 1, 0, 
12.9121, 0, 0, -2.91209, 0.0128176, 1, 0, 
12.9221, 0, 0, -2.92206, 0.0103761, 1, 0, 
12.932, 0, 0, -2.93204, 0.00915541, 1, 0, 
12.942, 0, 0, -2.94201, 0.00549325, 1, 0, 
12.952, 0, 0, -2.95198, 0.00671397, 1, 0, 
12.962, 0, 0, -2.96195, 0.00915541, 1, 0, 
12.9719, 0, 0, -2.97193, 0.0115969, 1, 0, 
12.9819, 0, 0, -2.9819, 0.00427253, 1, 0, 
12.9919, 0, 0, -2.99187, 0.00915541, 1, 0, 
13.0018, 0, 0, -3.00184, 0.00427253, 1, 0, 
13.0118, 0, 0, -3.01182, 0.0030518, 1, 0, 
13.0218, 0, 0, -3.02179, 0.00793469, 1, 0, 
13.0318, 0, 0, -3.03176, 0.00793469, 1, 0, 
13.0417, 0, 0, -3.04173, 0.00793469, 1, 0, 
13.0517, 0, 0, -3.0517, 0.00427253, 1, 0, 
13.0617, 0, 0, -3.06168, 0.00183108, 1, 0, 
13.0716, 0, 0, -3.07165, 0.00427253, 1, 0, 
13.0816, 0, 0, -3.08162, 0.00427253, 1, 0, 
13.0916, 0, 0, -3.09159, 0.0030518, 1, 0, 
13.1016, 0, 0, -3.10157, 0.000610361, 1, 0, 
13.1115, 0, 0, -3.11154, 0.00427253, 1, 0, 
13.1215, 0, 0, -3.12151, 0.0030518, 1, 0, 
13.1315, 0, 0, -3.13148, 0.00671397, 1, 0, 
13.1415, 0, 0, -3.14145, -0.000610361, 1, 0, 
13.1514, 0, 0, -3.15143, 0.0030518, 1, 0, 
13.1614, 0, 0, -3.1614, 0.00183108, 1, 0, 
13.1714, 0, 0, -3.17137, 0.0030518, 1, 0, 
13.1813, 0, 0, -3.18134, 0.00793469, 1, 0, 
13.1913, 0, 0, -3.19132, 0.000610361, 1, 0, 
13.2013, 0, 0, -3.20129, -0.00183108, 1, 0, 
13.2113, 0, 0, -3.21126, 0.0030518, 1, 0, 
13.2212, 0, 0, -3.22123, 0.000610361, 1, 0, 
13.2312, 0, 0, -3.2312, -0.000610361, 1, 0, 
13.2412, 0, 0, -3.24118, 0.000610361, 1, 0, 
13.2511, 0, 0, -3.25115, 0.000610361, 1, 0, 
13.2611, 0, 0, -3.26112, -0.00183108, 1, 0, 
13.2711, 0, 0, -3.27109, 0.00183108, 1, 0, 
13.2811, 0, 0, -3.28107, -0.00183108, 1, 0, 
13.291, 0, 0, -3.29104, -0.0030518, 1, 0, 
13.301, 0, 0, -3.30101, -0.00183108, 1, 0, 
13.311, 0, 0, -3.31098, 0.000610361, 1, 0, 
13.321, 0, 0, -3.32095, 0.000610361, 1, 0, 
13.3309, 0, 0, -3.33093, 0.000610361, 1, 0, 
13.3409, 0, 0, -3.3409, -0.0030518, 1, 0, 
13.3509, 0, 0, -3.35087, 0.000610361, 1, 0, 
13.3608, 0, 0, -3.36084, -0.000610361, 1, 0, 
13.3708, 0, 0, -3.37082, -0.000610361, 1, 0, 
13.3808, 0, 0, -3.38079, -0.000610361, 1, 0, 
13.3908, 0, 0, -3.39076, -0.00549325, 1, 0, 
13.4007, 0, 0, -3.40073, -0.00183108, 1, 0, 
13.4107, 0, 0, -3.41071, -0.00183108, 1, 0, 
13.4207, 0, 0, -3.42068, -0.0030518, 1, 0, 
13.4306, 0, 0, -3.43065, -0.00549325, 1, 0, 
13.4406, 0, 0, -3.44062, -0.00183108, 1, 0, 
13.4506, 0, 0, -3.45059, -0.00183108, 1, 0, 
13.4606, 0, 0, -3.46057, -0.00793469, 1, 0, 
13.4705, 0, 0, -3.47054, -0.00549325, 1, 0, 
13.4805, 0, 0, -3.48051, -0.00793469, 1, 0, 
13.4905, 0, 0, -3.49048, -0.00549325, 1, 0, 
13.5005, 0, 0, -3.50046, -0.00793469, 1, 0, 
13.5104, 0, 0, -3.51043, -0.00671397, 1, 0, 
13.5204, 0, 0, -3.5204, -0.00549325, 1, 0, 
13.5304, 0, 0, -3.53037, -0.00671397, 1, 0, 
13.5403, 0, 0, -3.54034, -0.00671397, 1, 0, 
13.5503, 0, 0, -3.55032, -0.0103761, 1, 0, 
13.5603, 0, 0, -3.56029, -0.00427253, 1, 0, 
13.5703, 0, 0, -3.57026, -0.00793469, 1, 0, 
13.5802, 0, 0, -3.58023, -0.0128176, 1, 0, 
13.5902, 0, 0, -3.59021, -0.00671397, 1, 0, 
13.6002, 0, 0, -3.60018, -0.00671397, 1, 0, 
13.6102, 0, 0, -3.61015, -0.00549325, 1, 0, 
13.6201, 0, 0, -3.62012, -0.0115969, 1, 0, 
13.6301, 0, 0, -3.63009, -0.0103761, 1, 0, 
13.6401, 0, 0, -3.64007, -0.0115969, 1, 0, 
13.65, 0, 0, -3.65004, -0.00915541, 1, 0, 
13.66, 0, 0, -3.66001, -0.00915541, 1, 0, 
13.67, 0, 0, -3.66998, -0.0115969, 1, 0, 
13.68, 0, 0, -3.67996, -0.0115969, 1, 0, 
13.6899, 0, 0, -3.68993, -0.0103761, 1, 0, 
13.6999, 0, 0, -3.6999, -0.0140383, 1, 0, 
13.7099, 0, 0, -3.70987, -0.00915541, 1, 0, 
13.7198, 0, 0, -3.71985, -0.0128176, 1, 0, 
13.7298, 0, 0, -3.72982, -0.0128176, 1, 0, 
13.7398, 0, 0, -3.73979, -0.0115969, 1, 0, 
13.7498, 0, 0, -3.74976, -0.0128176, 1, 0, 
13.7597, 0, 0, -3.75973, -0.0115969, 1, 0, 
13.7697, 0, 0, -3.76971, -0.0140383, 1, 0, 
13.7797, 0, 0, -3.77968, -0.0140383, 1, 0, 
13.7897, 0, 0, -3.78965, -0.0140383, 1, 0, 
13.7996, 0, 0, -3.79962, -0.0128176, 1, 0, 
13.8096, 0, 0, -3.8096, -0.0128176, 1, 0, 
13.8196, 0, 0, -3.81957, -0.0128176, 1, 0, 
13.8295, 0, 0, -3.82954, -0.0164797, 1, 0, 
13.8395, 0, 0, -3.83951, -0.0128176, 1, 0, 
13.8495, 0, 0, -3.84949, -0.0115969, 1, 0, 
13.8595, 0, 0, -3.85946, -0.015259, 1, 0, 
13.8694, 0, 0, -3.86943, -0.0103761, 1, 0, 
13.8794, 0, 0, -3.8794, -0.0177005, 1, 0, 
13.8894, 0, 0, -3.88937, -0.0177005, 1, 0, 
13.8993, 0, 0, -3.89935, -0.0140383, 1, 0, 
13.9093, 0, 0, -3.90932, -0.0177005, 1, 0, 
13.9193, 0, 0, -3.91929, -0.0177005, 1, 0, 
13.9293, 0, 0, -3.92926, -0.0189212, 1, 0, 
13.9392, 0, 0, -3.93924, -0.0177005, 1, 0, 
13.9492, 0, 0, -3.94921, -0.0201419, 1, 0, 
13.9592, 0, 0, -3.95918, -0.0164797, 1, 0, 
13.9692, 0, 0, -3.96915, -0.0189212, 1, 0, 
13.9791, 0, 0, -3.97912, -0.0213626, 1, 0, 
13.9891, 0, 0, -3.9891, -0.0201419, 1, 0, 
13.9991, 0, 0, -3.99907, -0.0213626, 1, 0, 
14.009, 0, 0, -4.00904, -0.0213626, 1, 0, 
14.019, 0, 0, -4.01901, -0.0225834, 1, 0, 
14.029, 0, 0, -4.02899, -0.0213626, 1, 0, 
14.039, 0, 0, -4.03896, -0.0213626, 1, 0, 
14.0489, 0, 0, -4.04893, -0.0250248, 1, 0, 
14.0589, 0, 0, -4.0589, -0.0164797, 1, 0, 
14.0689, 0, 0, -4.06888, -0.0201419, 1, 0, 
14.0788, 0, 0, -4.07885, -0.0238041, 1, 0, 
14.0888, 0, 0, -4.08882, -0.0225834, 1, 0, 
14.0988, 0, 0, -4.09879, -0.0250248, 1, 0, 
14.1088, 0, 0, -4.10876, -0.0225834, 1, 0, 
14.1187, 0, 0, -4.11874, -0.0201419, 1, 0, 
14.1287, 0, 0, -4.12871, -0.0201419, 1, 0, 
14.1387, 0, 0, -4.13868, -0.0250248, 1, 0, 
14.1487, 0, 0, -4.14865, -0.0262455, 1, 0, 
14.1586, 0, 0, -4.15863, -0.0238041, 1, 0, 
14.1686, 0, 0, -4.1686, -0.0238041, 1, 0, 
14.1786, 0, 0, -4.17857, -0.0238041, 1, 0, 
14.1885, 0, 0, -4.18854, -0.0250248, 1, 0, 
14.1985, 0, 0, -4.19851, -0.0262455, 1, 0, 
14.2085, 0, 0, -4.20849, -0.0250248, 1, 0, 
14.2185, 0, 0, -4.21846, -0.0274662, 1, 0, 
14.2284, 0, 0, -4.22843, -0.0250248, 1, 0, 
14.2384, 0, 0, -4.2384, -0.0274662, 1, 0, 
14.2484, 0, 0, -4.24838, -0.0262455, 1, 0, 
14.2583, 0, 0, -4.25835, -0.0250248, 1, 0, 
14.2683, 0, 0, -4.26832, -0.0274662, 1, 0, 
14.2783, 0, 0, -4.27829, -0.0274662, 1, 0, 
14.2883, 0, 0, -4.28827, -0.0274662, 1, 0, 
14.2982, 0, 0, -4.29824, -0.0262455, 1, 0, 
14.3082, 0, 0, -4.30821, -0.0311284, 1, 0, 
14.3182, 0, 0, -4.31818, -0.0262455, 1, 0, 
14.3282, 0, 0, -4.32815, -0.028687, 1, 0, 
14.3381, 0, 0, -4.33813, -0.0299077, 1, 0, 
14.3481, 0, 0, -4.3481, -0.0274662, 1, 0, 
14.3581, 0, 0, -4.35807, -0.0299077, 1, 0, 
14.368, 0, 0, -4.36804, -0.0311284, 1, 0, 
14.378, 0, 0, -4.37802, -0.0262455, 1, 0, 
14.388, 0, 0, -4.38799, -0.0335698, 1, 0, 
14.398, 0, 0, -4.39796, -0.0299077, 1, 0, 
14.4079, 0, 0, -4.40793, -0.028687, 1, 0, 
14.4179, 0, 0, -4.4179, -0.0299077, 1, 0, 
14.4279, 0, 0, -4.42788, -0.0323491, 1, 0, 
14.4378, 0, 0, -4.43785, -0.0360113, 1, 0, 
14.4478, 0, 0, -4.44782, -0.0311284, 1, 0, 
14.4578, 0, 0, -4.45779, -0.0311284, 1, 0, 
14.4678, 0, 0, -4.46777, -0.0299077, 1, 0, 
14.4777, 0, 0, -4.47774, -0.0323491, 1, 0, 
14.4877, 0, 0, -4.48771, -0.0299077, 1, 0, 
14.4977, 0, 0, -4.49768, -0.0323491, 1, 0, 
14.5077, 0, 0, -4.50765, -0.0323491, 1, 0, 
14.5176, 0, 0, -4.51763, -0.0335698, 1, 0, 
14.5276, 0, 0, -4.5276, -0.0360113, 1, 0, 
14.5376, 0, 0, -4.53757, -0.0360113, 1, 0, 
14.5475, 0, 0, -4.54754, -0.0360113, 1, 0, 
14.5575, 0, 0, -4.55752, -0.0360113, 1, 0, 
14.5675, 0, 0, -4.56749, -0.0360113, 1, 0, 
14.5775, 0, 0, -4.57746, -0.0360113, 1, 0, 
14.5874, 0, 0, -4.58743, -0.037232, 1, 0, 
14.5974, 0, 0, -4.5974, -0.0360113, 1, 0, 
14.6074, 0, 0, -4.60738, -0.0360113, 1, 0, 
14.6173, 0, 0, -4.61735, -0.0335698, 1, 0, 
14.6273, 0, 0, -4.62732, -0.0360113, 1, 0, 
14.6373, 0, 0, -4.63729, -0.0360113, 1, 0, 
14.6473, 0, 0, -4.64727, -0.0384527, 1, 0, 
14.6572, 0, 0, -4.65724, -0.0360113, 1, 0, 
14.6672, 0, 0, -4.66721, -0.0384527, 1, 0, 
14.6772, 0, 0, -4.67718, -0.0408942, 1, 0, 
14.6872, 0, 0, -4.68716, -0.0396735, 1, 0, 
14.6971, 0, 0, -4.69713, -0.0396735, 1, 0, 
14.7071, 0, 0, -4.7071, -0.0421149, 1, 0, 
14.7171, 0, 0, -4.71707, -0.0384527, 1, 0, 
14.727, 0, 0, -4.72704, -0.0408942, 1, 0, 
14.737, 0, 0, -4.73702, -0.0360113, 1, 0, 
14.747, 0, 0, -4.74699, -0.0396735, 1, 0, 
14.757, 0, 0, -4.75696, -0.0408942, 1, 0, 
14.7669, 0, 0, -4.76693, -0.0360113, 1, 0, 
14.7769, 0, 0, -4.77691, -0.0421149, 1, 0, 
14.7869, 0, 0, -4.78688, -0.0421149, 1, 0, 
14.7968, 0, 0, -4.79685, -0.0408942, 1, 0, 
14.8068, 0, 0, -4.80682, -0.0408942, 1, 0, 
14.8168, 0, 0, -4.81679, -0.0445563, 1, 0, 
14.8268, 0, 0, -4.82677, -0.0433356, 1, 0, 
14.8367, 0, 0, -4.83674, -0.0408942, 1, 0, 
14.8467, 0, 0, -4.84671, -0.0384527, 1, 0, 
14.8567, 0, 0, -4.85668, -0.0445563, 1, 0, 
14.8667, 0, 0, -4.86666, -0.0421149, 1, 0, 
14.8766, 0, 0, -4.87663, -0.0433356, 1, 0, 
14.8866, 0, 0, -4.8866, -0.0396735, 1, 0, 
14.8966, 0, 0, -4.89657, -0.0396735, 1, 0, 
14.9065, 0, 0, -4.90655, -0.0445563, 1, 0, 
14.9165, 0, 0, -4.91652, -0.0421149, 1, 0, 
14.9265, 0, 0, -4.92649, -0.0457771, 1, 0, 
14.9365, 0, 0, -4.93646, -0.0433356, 1, 0, 
14.9464, 0, 0, -4.94643, -0.0469978, 1, 0, 
14.9564, 0, 0, -4.95641, -0.0445563, 1, 0, 
14.9664, 0, 0, -4.96638, -0.0433356, 1, 0, 
14.9764, 0, 0, -4.97635, -0.0445563, 1, 0, 
14.9863, 0, 0, -4.98632, -0.0408942, 1, 0, 
14.9963, 0, 0, -4.9963, -0.0445563, 1, 0, 
15.0063, 0, 0, -4.99373, -0.0445563, 1, 0, 
15.0162, 0, 0, -4.98376, -0.0469978, 1, 0, 
15.0262, 0, 0, -4.97379, -0.0445563, 1, 0, 
15.0362, 0, 0, -4.96382, -0.0457771, 1, 0, 
15.0462, 0, 0, -4.95384, -0.0457771, 1, 0, 
15.0561, 0, 0, -4.94387, -0.0433356, 1, 0, 
15.0661, 0, 0, -4.9339, -0.0421149, 1, 0, 
15.0761, 0, 0, -4.92393, -0.0421149, 1, 0, 
15.086, 0, 0, -4.91395, -0.0445563, 1, 0, 
15.096, 0, 0, -4.90398, -0.0408942, 1, 0, 
15.106, 0, 0, -4.89401, -0.0433356, 1, 0, 
15.116, 0, 0, -4.88404, -0.0421149, 1, 0, 
15.1259, 0, 0, -4.87406, -0.0421149, 1, 0, 
15.1359, 0, 0, -4.86409, -0.0396735, 1, 0, 
15.1459, 0, 0, -4.85412, -0.0445563, 1, 0, 
15.1559, 0, 0, -4.84415, -0.0384527, 1, 0, 
15.1658, 0, 0, -4.83418, -0.0421149, 1, 0, 
15.1758, 0, 0, -4.8242, -0.0421149, 1, 0, 
15.1858, 0, 0, -4.81423, -0.0457771, 1, 0, 
15.1957, 0, 0, -4.80426, -0.0421149, 1, 0, 
15.2057, 0, 0, -4.79429, -0.0408942, 1, 0, 
15.2157, 0, 0, -4.78432, -0.0421149, 1, 0, 
15.2257, 0, 0, -4.77434, -0.0421149, 1, 0, 
15.2356, 0, 0, -4.76437, -0.0421149, 1, 0, 
15.2456, 0, 0, -4.7544, -0.037232, 1, 0, 
15.2556, 0, 0, -4.74443, -0.0408942, 1, 0, 
15.2655, 0, 0, -4.73445, -0.0396735, 1, 0, 
15.2755, 0, 0, -4.72448, -0.037232, 1, 0, 
15.2855, 0, 0, -4.71451, -0.0421149, 1, 0, 
15.2955, 0, 0, -4.70454, -0.0384527, 1, 0, 
15.3054, 0, 0, -4.69456, -0.0384527, 1, 0, 
15.3154, 0, 0, -4.68459, -0.0360113, 1, 0, 
15.3254, 0, 0, -4.67462, -0.0347906, 1, 0, 
15.3354, 0, 0, -4.66465, -0.0384527, 1, 0, 
15.3453, 0, 0, -4.65468, -0.0347906, 1, 0, 
15.3553, 0, 0, -4.6447, -0.0384527, 1, 0, 
15.3653, 0, 0, -4.63473, -0.0323491, 1, 0, 
15.3752, 0, 0, -4.62476, -0.0360113, 1, 0, 
15.3852, 0, 0, -4.61479, -0.037232, 1, 0, 
15.3952, 0, 0, -4.60481, -0.0396735, 1, 0, 
15.4052, 0, 0, -4.59484, -0.0335698, 1, 0, 
15.4151, 0, 0, -4.58487, -0.0335698, 1, 0, 
15.4251, 0, 0, -4.5749, -0.0360113, 1, 0, 
15.4351, 0, 0, -4.56492, -0.0311284, 1, 0, 
15.445, 0, 0, -4.55495, -0.0335698, 1, 0, 
15.455, 0, 0, -4.54498, -0.0335698, 1, 0, 
15.465, 0, 0, -4.53501, -0.0360113, 1, 0, 
15.475, 0, 0, -4.52504, -0.0360113, 1, 0, 
15.4849, 0, 0, -4.51506, -0.0360113, 1, 0, 
15.4949, 0, 0, -4.50509, -0.0323491, 1, 0, 
15.5049, 0, 0, -4.49512, -0.0335698, 1, 0, 
15.5149, 0, 0, -4.48515, -0.0311284, 1, 0, 
15.5248, 0, 0, -4.47517, -0.0323491, 1, 0, 
15.5348, 0, 0, -4.4652, -0.0311284, 1, 0, 
15.5448, 0, 0, -4.45523, -0.0311284, 1, 0, 
15.5547, 0, 0, -4.44526, -0.0335698, 1, 0, 
15.5647, 0, 0, -4.43528, -0.028687, 1, 0, 
15.5747, 0, 0, -4.42531, -0.028687, 1, 0, 
15.5847, 0, 0, -4.41534, -0.0323491, 1, 0, 
15.5946, 0, 0, -4.40537, -0.028687, 1, 0, 
15.6046, 0, 0, -4.3954, -0.028687, 1, 0, 
15.6146, 0, 0, -4.38542, -0.0335698, 1, 0, 
15.6245, 0, 0, -4.37545, -0.0311284, 1, 0, 
15.6345, 0, 0, -4.36548, -0.0323491, 1, 0, 
15.6445, 0, 0, -4.35551, -0.028687, 1, 0, 
15.6545, 0, 0, -4.34553, -0.0274662, 1, 0, 
15.6644, 0, 0, -4.33556, -0.0274662, 1, 0, 
15.6744, 0, 0, -4.32559, -0.0299077, 1, 0, 
15.6844, 0, 0, -4.31562, -0.028687, 1, 0, 
15.6944, 0, 0, -4.30565, -0.028687, 1, 0, 
15.7043, 0, 0, -4.29567, -0.028687, 1, 0, 
15.7143, 0, 0, -4.2857, -0.0311284, 1, 0, 
15.7243, 0, 0, -4.27573, -0.0274662, 1, 0, 
15.7342, 0, 0, -4.26576, -0.0262455, 1, 0, 
15.7442, 0, 0, -4.25579, -0.0262455, 1, 0, 
15.7542, 0, 0, -4.24581, -0.0238041, 1, 0, 
15.7642, 0, 0, -4.23584, -0.028687, 1, 0, 
15.7741, 0, 0, -4.22587, -0.0262455, 1, 0, 
15.7841, 0, 0, -4.2159, -0.0274662, 1, 0, 
15.7941, 0, 0, -4.20592, -0.0250248, 1, 0, 
15.804, 0, 0, -4.19595, -0.0274662, 1, 0, 
15.814, 0, 0, -4.18598, -0.028687, 1, 0, 
15.824, 0, 0, -4.17601, -0.0262455, 1, 0, 
15.834, 0, 0, -4.16603, -0.0262455, 1, 0, 
15.8439, 0, 0, -4.15606, -0.0225834, 1, 0, 
15.8539, 0, 0, -4.14609, -0.0250248, 1, 0, 
15.8639, 0, 0, -4.13612, -0.0250248, 1, 0, 
15.8739, 0, 0, -4.12615, -0.0238041, 1, 0, 
15.8838, 0, 0, -4.11617, -0.0213626, 1, 0, 
15.8938, 0, 0, -4.1062, -0.0225834, 1, 0, 
15.9038, 0, 0, -4.09623, -0.0262455, 1, 0, 
15.9137, 0, 0, -4.08626, -0.0201419, 1, 0, 
15.9237, 0, 0, -4.07628, -0.0225834, 1, 0, 
15.9337, 0, 0, -4.06631, -0.0213626, 1, 0, 
15.9437, 0, 0, -4.05634, -0.0238041, 1, 0, 
15.9536, 0, 0, -4.04637, -0.0201419, 1, 0, 
15.9636, 0, 0, -4.03639, -0.0201419, 1, 0, 
15.9736, 0, 0, -4.02642, -0.0213626, 1, 0, 
15.9835, 0, 0, -4.01645, -0.0213626, 1, 0, 
15.9935, 0, 0, -4.00648, -0.0225834, 1, 0, 
16.0035, 0, 0, -3.99651, -0.0189212, 1, 0, 
16.0135, 0, 0, -3.98653, -0.0177005, 1, 0, 
16.0234, 0, 0, -3.97656, -0.0238041, 1, 0, 
16.0334, 0, 0, -3.96659, -0.0177005, 1, 0, 
16.0434, 0, 0, -3.95662, -0.0201419, 1, 0, 
16.0534, 0, 0, -3.94664, -0.0177005, 1, 0, 
16.0633, 0, 0, -3.93667, -0.0189212, 1, 0, 
16.0733, 0, 0, -3.9267, -0.0189212, 1, 0, 
16.0833, 0, 0, -3.91673, -0.0201419, 1, 0, 
16.0932, 0, 0, -3.90676, -0.0164797, 1, 0, 
16.1032, 0, 0, -3.89678, -0.0177005, 1, 0, 
16.1132, 0, 0, -3.88681, -0.0164797, 1, 0, 
16.1232, 0, 0, -3.87684, -0.0164797, 1, 0, 
16.1331, 0, 0, -3.86687, -0.0140383, 1, 0, 
16.1431, 0, 0, -3.85689, -0.0140383, 1, 0, 
16.1531, 0, 0, -3.84692, -0.0164797, 1, 0, 
16.1631, 0, 0, -3.83695, -0.0177005, 1, 0, 
16.173, 0, 0, -3.82698, -0.0164797, 1, 0, 
16.183, 0, 0, -3.817, -0.0164797, 1, 0, 
16.193, 0, 0, -3.80703, -0.0164797, 1, 0, 
16.2029, 0, 0, -3.79706, -0.0164797, 1, 0, 
16.2129, 0, 0, -3.78709, -0.0115969, 1, 0, 
16.2229, 0, 0, -3.77712, -0.0164797, 1, 0, 
16.2329, 0, 0, -3.76714, -0.0140383, 1, 0, 
16.2428, 0, 0, -3.75717, -0.0164797, 1, 0, 
16.2528, 0, 0, -3.7472, -0.0115969, 1, 0, 
16.2628, 0, 0, -3.73723, -0.0128176, 1, 0, 
16.2727, 0, 0, -3.72725, -0.0128176, 1, 0, 
16.2827, 0, 0, -3.71728, -0.0140383, 1, 0, 
16.2927, 0, 0, -3.70731, -0.015259, 1, 0, 
16.3027, 0, 0, -3.69734, -0.0115969, 1, 0, 
16.3126, 0, 0, -3.68737, -0.0128176, 1, 0, 
16.3226, 0, 0, -3.67739, -0.0128176, 1, 0, 
16.3326, 0, 0, -3.66742, -0.0140383, 1, 0, 
16.3426, 0, 0, -3.65745, -0.0128176, 1, 0, 
16.3525, 0, 0, -3.64748, -0.00915541, 1, 0, 
16.3625, 0, 0, -3.6375, -0.0103761, 1, 0, 
16.3725, 0, 0, -3.62753, -0.00671397, 1, 0, 
16.3824, 0, 0, -3.61756, -0.0103761, 1, 0, 
16.3924, 0, 0, -3.60759, -0.00793469, 1, 0, 
16.4024, 0, 0, -3.59761, -0.00793469, 1, 0, 
16.4124, 0, 0, -3.58764, -0.00793469, 1, 0, 
16.4223, 0, 0, -3.57767, -0.00793469, 1, 0, 
16.4323, 0, 0, -3.5677, -0.00915541, 1, 0, 
16.4423, 0, 0, -3.55773, -0.00793469, 1, 0, 
16.4522, 0, 0, -3.54775, -0.00793469, 1, 0, 
16.4622, 0, 0, -3.53778, -0.00549325, 1, 0, 
16.4722, 0, 0, -3.52781, -0.0103761, 1, 0, 
16.4822, 0, 0, -3.51784, -0.0103761, 1, 0, 
16.4921, 0, 0, -3.50786, -0.00427253, 1, 0, 
16.5021, 0, 0, -3.49789, -0.0103761, 1, 0, 
16.5121, 0, 0, -3.48792, -0.00793469, 1, 0, 
16.5221, 0, 0, -3.47795, -0.00915541, 1, 0, 
16.532, 0, 0, -3.46798, -0.00793469, 1, 0, 
16.542, 0, 0, -3.458, -0.00549325, 1, 0, 
16.552, 0, 0, -3.44803, -0.00793469, 1, 0, 
16.5619, 0, 0, -3.43806, -0.0030518, 1, 0, 
16.5719, 0, 0, -3.42809, -0.00427253, 1, 0, 
16.5819, 0, 0, -3.41811, -0.00183108, 1, 0, 
16.5919, 0, 0, -3.40814, -0.00671397, 1, 0, 
16.6018, 0, 0, -3.39817, -0.00793469, 1, 0, 
16.6118, 0, 0, -3.3882, -0.00793469, 1, 0, 
16.6218, 0, 0, -3.37822, -0.00671397, 1, 0, 
16.6317, 0, 0, -3.36825, -0.00183108, 1, 0, 
16.6417, 0, 0, -3.35828, -0.00427253, 1, 0, 
16.6517, 0, 0, -3.34831, -0.00549325, 1, 0, 
16.6617, 0, 0, -3.33834, 0.000610361, 1, 0, 
16.6716, 0, 0, -3.32836, -0.00427253, 1, 0, 
16.6816, 0, 0, -3.31839, -0.0030518, 1, 0, 
16.6916, 0, 0, -3.30842, -0.00183108, 1, 0, 
16.7016, 0, 0, -3.29845, -0.00671397, 1, 0, 
16.7115, 0, 0, -3.28847, -0.0030518, 1, 0, 
16.7215, 0, 0, -3.2785, -0.000610361, 1, 0, 
16.7315, 0, 0, -3.26853, -0.000610361, 1, 0, 
16.7414, 0, 0, -3.25856, -0.00183108, 1, 0, 
16.7514, 0, 0, -3.24859, -0.00427253, 1, 0, 
16.7614, 0, 0, -3.23861, -0.00427253, 1, 0, 
16.7714, 0, 0, -3.22864, 0.000610361, 1, 0, 
16.7813, 0, 0, -3.21867, 0.0030518, 1, 0, 
16.7913, 0, 0, -3.2087, -0.00183108, 1, 0, 
16.8013, 0, 0, -3.19872, 0.00183108, 1, 0, 
16.8112, 0, 0, -3.18875, 0.0030518, 1, 0, 
16.8212, 0, 0, -3.17878, 0.000610361, 1, 0, 
16.8312, 0, 0, -3.16881, 0.00183108, 1, 0, 
16.8412, 0, 0, -3.15884, 0.0030518, 1, 0, 
16.8511, 0, 0, -3.14886, 0.00183108, 1, 0, 
16.8611, 0, 0, -3.13889, 0.00427253, 1, 0, 
16.8711, 0, 0, -3.12892, 0.0030518, 1, 0, 
16.8811, 0, 0, -3.11895, 0.00549325, 1, 0, 
16.891, 0, 0, -3.10897, -0.00183108, 1, 0, 
16.901, 0, 0, -3.099, 0.0030518, 1, 0, 
16.911, 0, 0, -3.08903, 0.00427253, 1, 0, 
16.9209, 0, 0, -3.07906, 0.00549325, 1, 0, 
16.9309, 0, 0, -3.06909, 0.00427253, 1, 0, 
16.9409, 0, 0, -3.05911, 0.000610361, 1, 0, 
16.9509, 0, 0, -3.04914, 0.00427253, 1, 0, 
16.9608, 0, 0, -3.03917, 0.0030518, 1, 0, 
16.9708, 0, 0, -3.0292, 0.00793469, 1, 0, 
16.9808, 0, 0, -3.01922, 0.00793469, 1, 0, 
16.9908, 0, 0, -3.00925, 0.00549325, 1, 0, 
17.0007, 0, 0, -2.99928, 0.00671397, 1, 0, 
17.0107, 0, 0, -2.98931, 0.00793469, 1, 0, 
17.0207, 0, 0, -2.97933, 0.00671397, 1, 0, 
17.0306, 0, 0, -2.96936, 0.00549325, 1, 0, 
17.0406, 0, 0, -2.95939, 0.00671397, 1, 0, 
17.0506, 0, 0, -2.94942, 0.00793469, 1, 0, 
17.0606, 0, 0, -2.93945, 0.00793469, 1, 0, 
17.0705, 0, 0, -2.92947, 0.0103761, 1, 0, 
17.0805, 0, 0, -2.9195, 0.00915541, 1, 0, 
17.0905, 0, 0, -2.90953, 0.00915541, 1, 0, 
17.1004, 0, 0, -2.89956, 0.00793469, 1, 0, 
17.1104, 0, 0, -2.88958, 0.00793469, 1, 0, 
17.1204, 0, 0, -2.87961, 0.0115969, 1, 0, 
17.1304, 0, 0, -2.86964, 0.00915541, 1, 0, 
17.1403, 0, 0, -2.85967, 0.00549325, 1, 0, 
17.1503, 0, 0, -2.8497, 0.0103761, 1, 0, 
17.1603, 0, 0, -2.83972, 0.0140383, 1, 0, 
17.1702, 0, 0, -2.82975, 0.0103761, 1, 0, 
17.1802, 0, 0, -2.81978, 0.00671397, 1, 0, 
17.1902, 0, 0, -2.80981, 0.0115969, 1, 0, 
17.2002, 0, 0, -2.79983, 0.0103761, 1, 0, 
17.2101, 0, 0, -2.78986, 0.0115969, 1, 0, 
17.2201, 0, 0, -2.77989, 0.0140383, 1, 0, 
17.2301, 0, 0, -2.76992, 0.0140383, 1, 0, 
17.2401, 0, 0, -2.75994, 0.0128176, 1, 0, 
17.25, 0, 0, -2.74997, 0.00915541, 1, 0, 
17.26, 0, 0, -2.74, 0.0103761, 1, 0, 
17.27, 0, 0, -2.73003, 0.0128176, 1, 0, 
17.2799, 0, 0, -2.72006, 0.015259, 1, 0, 
17.2899, 0, 0, -2.71008, 0.0140383, 1, 0, 
17.2999, 0, 0, -2.70011, 0.0140383, 1, 0, 
17.3099, 0, 0, -2.69014, 0.015259, 1, 0, 
17.3198, 0, 0, -2.68017, 0.0128176, 1, 0, 
17.3298, 0, 0, -2.67019, 0.0177005, 1, 0, 
17.3398, 0, 0, -2.66022, 0.0177005, 1, 0, 
17.3498, 0, 0, -2.65025, 0.0177005, 1, 0, 
17.3597, 0, 0, -2.64028, 0.0164797, 1, 0, 
17.3697, 0, 0, -2.63031, 0.0115969, 1, 0, 
17.3797, 0, 0, -2.62033, 0.0177005, 1, 0, 
17.3896, 0, 0, -2.61036, 0.0201419, 1, 0, 
17.3996, 0, 0, -2.60039, 0.0177005, 1, 0, 
17.4096, 0, 0, -2.59042, 0.0164797, 1, 0, 
17.4196, 0, 0, -2.58044, 0.0164797, 1, 0, 
17.4295, 0, 0, -2.57047, 0.0115969, 1, 0, 
17.4395, 0, 0, -2.5605, 0.0177005, 1, 0, 
17.4495, 0, 0, -2.55053, 0.0177005, 1, 0, 
17.4594, 0, 0, -2.54056, 0.0177005, 1, 0, 
17.4694, 0, 0, -2.53058, 0.0177005, 1, 0, 
17.4794, 0, 0, -2.52061, 0.0201419, 1, 0, 
17.4894, 0, 0, -2.51064, 0.0201419, 1, 0, 
17.4993, 0, 0, -2.50067, 0.0177005, 1, 0, 
17.5093, 0, 0, -2.49069, 0.0201419, 1, 0, 
17.5193, 0, 0, -2.48072, 0.0201419, 1, 0, 
17.5293, 0, 0, -2.47075, 0.0225834, 1, 0, 
17.5392, 0, 0, -2.46078, 0.0164797, 1, 0, 
17.5492, 0, 0, -2.4508, 0.0213626, 1, 0, 
17.5592, 0, 0, -2.44083, 0.0201419, 1, 0, 
17.5691, 0, 0, -2.43086, 0.0201419, 1, 0, 
17.5791, 0, 0, -2.42089, 0.0189212, 1, 0, 
17.5891, 0, 0, -2.41092, 0.0213626, 1, 0, 
17.5991, 0, 0, -2.40094, 0.0213626, 1, 0, 
17.609, 0, 0, -2.39097, 0.0225834, 1, 0, 
17.619, 0, 0, -2.381, 0.0238041, 1, 0, 
17.629, 0, 0, -2.37103, 0.0250248, 1, 0, 
17.6389, 0, 0, -2.36105, 0.0238041, 1, 0, 
17.6489, 0, 0, -2.35108, 0.0213626, 1, 0, 
17.6589, 0, 0, -2.34111, 0.0238041, 1, 0, 
17.6689, 0, 0, -2.33114, 0.0250248, 1, 0, 
17.6788, 0, 0, -2.32116, 0.0225834, 1, 0, 
17.6888, 0, 0, -2.31119, 0.0201419, 1, 0, 
17.6988, 0, 0, -2.30122, 0.0225834, 1, 0, 
17.7088, 0, 0, -2.29125, 0.0274662, 1, 0, 
17.7187, 0, 0, -2.28128, 0.0238041, 1, 0, 
17.7287, 0, 0, -2.2713, 0.0299077, 1, 0, 
17.7387, 0, 0, -2.26133, 0.0262455, 1, 0, 
17.7486, 0, 0, -2.25136, 0.0274662, 1, 0, 
17.7586, 0, 0, -2.24139, 0.0262455, 1, 0, 
17.7686, 0, 0, -2.23141, 0.0262455, 1, 0, 
17.7786, 0, 0, -2.22144, 0.0262455, 1, 0, 
17.7885, 0, 0, -2.21147, 0.0262455, 1, 0, 
17.7985, 0, 0, -2.2015, 0.0250248, 1, 0, 
17.8085, 0, 0, -2.19153, 0.0238041, 1, 0, 
17.8184, 0, 0, -2.18155, 0.0262455, 1, 0, 
17.8284, 0, 0, -2.17158, 0.0274662, 1, 0, 
17.8384, 0, 0, -2.16161, 0.0262455, 1, 0, 
17.8484, 0, 0, -2.15164, 0.0274662, 1, 0, 
17.8583, 0, 0, -2.14166, 0.0274662, 1, 0, 
17.8683, 0, 0, -2.13169, 0.0274662, 1, 0, 
17.8783, 0, 0, -2.12172, 0.0299077, 1, 0, 
17.8883, 0, 0, -2.11175, 0.0299077, 1, 0, 
17.8982, 0, 0, -2.10177, 0.0311284, 1, 0, 
17.9082, 0, 0, -2.0918, 0.0311284, 1, 0, 
17.9182, 0, 0, -2.08183, 0.0299077, 1, 0, 
17.9281, 0, 0, -2.07186, 0.028687, 1, 0, 
17.9381, 0, 0, -2.06189, 0.0274662, 1, 0, 
17.9481, 0, 0, -2.05191, 0.0347906, 1, 0, 
17.9581, 0, 0, -2.04194, 0.0347906, 1, 0, 
17.968, 0, 0, -2.03197, 0.0323491, 1, 0, 
17.978, 0, 0, -2.022, 0.0299077, 1, 0, 
17.988, 0, 0, -2.01202, 0.037232, 1, 0, 
17.9979, 0, 0, -2.00205, 0.0323491, 1, 0, 
18.0079, 0, 0, -1.99208, 0.0323491, 1, 0, 
18.0179, 0, 0, -1.98211, 0.0299077, 1, 0, 
18.0279, 0, 0, -1.97213, 0.0323491, 1, 0, 
18.0378, 0, 0, -1.96216, 0.0323491, 1, 0, 
18.0478, 0, 0, -1.95219, 0.0323491, 1, 0, 
18.0578, 0, 0, -1.94222, 0.0323491, 1, 0, 
18.0678, 0, 0, -1.93225, 0.0347906, 1, 0, 
18.0777, 0, 0, -1.92227, 0.0323491, 1, 0, 
18.0877, 0, 0, -1.9123, 0.037232, 1, 0, 
18.0977, 0, 0, -1.90233, 0.0347906, 1, 0, 
18.1076, 0, 0, -1.89236, 0.037232, 1, 0, 
18.1176, 0, 0, -1.88239, 0.037232, 1, 0, 
18.1276, 0, 0, -1.87241, 0.0360113, 1, 0, 
18.1376, 0, 0, -1.86244, 0.0335698, 1, 0, 
18.1475, 0, 0, -1.85247, 0.0360113, 1, 0, 
18.1575, 0, 0, -1.8425, 0.0360113, 1, 0, 
18.1675, 0, 0, -1.83252, 0.037232, 1, 0, 
18.1774, 0, 0, -1.82255, 0.0384527, 1, 0, 
18.1874, 0, 0, -1.81258, 0.037232, 1, 0, 
18.1974, 0, 0, -1.80261, 0.0384527, 1, 0, 
18.2074, 0, 0, -1.79264, 0.0360113, 1, 0, 
18.2173, 0, 0, -1.78266, 0.0421149, 1, 0, 
18.2273, 0, 0, -1.77269, 0.0421149, 1, 0, 
18.2373, 0, 0, -1.76272, 0.0360113, 1, 0, 
18.2473, 0, 0, -1.75275, 0.0408942, 1, 0, 
18.2572, 0, 0, -1.74277, 0.0433356, 1, 0, 
18.2672, 0, 0, -1.7328, 0.0384527, 1, 0, 
18.2772, 0, 0, -1.72283, 0.0396735, 1, 0, 
18.2871, 0, 0, -1.71286, 0.0396735, 1, 0, 
18.2971, 0, 0, -1.70288, 0.0396735, 1, 0, 
18.3071, 0, 0, -1.69291, 0.0421149, 1, 0, 
18.3171, 0, 0, -1.68294, 0.0445563, 1, 0, 
18.327, 0, 0, -1.67297, 0.0445563, 1, 0, 
18.337, 0, 0, -1.663, 0.0457771, 1, 0, 
18.347, 0, 0, -1.65302, 0.0445563, 1, 0, 
18.3569, 0, 0, -1.64305, 0.0445563, 1, 0, 
18.3669, 0, 0, -1.63308, 0.0421149, 1, 0, 
18.3769, 0, 0, -1.62311, 0.0408942, 1, 0, 
18.3869, 0, 0, -1.61313, 0.0421149, 1, 0, 
18.3968, 0, 0, -1.60316, 0.0457771, 1, 0, 
18.4068, 0, 0, -1.59319, 0.0433356, 1, 0, 
18.4168, 0, 0, -1.58322, 0.0433356, 1, 0, 
18.4268, 0, 0, -1.57325, 0.0445563, 1, 0, 
18.4367, 0, 0, -1.56327, 0.0445563, 1, 0, 
18.4467, 0, 0, -1.5533, 0.0421149, 1, 0, 
18.4567, 0, 0, -1.54333, 0.0433356, 1, 0, 
18.4666, 0, 0, -1.53336, 0.0457771, 1, 0, 
18.4766, 0, 0, -1.52338, 0.0469978, 1, 0, 
18.4866, 0, 0, -1.51341, 0.0457771, 1, 0, 
18.4966, 0, 0, -1.50344, 0.0457771, 1, 0, 
18.5065, 0, 0, -1.49347, 0.0457771, 1, 0, 
18.5165, 0, 0, -1.48349, 0.0445563, 1, 0, 
18.5265, 0, 0, -1.47352, 0.0494392, 1, 0, 
18.5364, 0, 0, -1.46355, 0.0469978, 1, 0, 
18.5464, 0, 0, -1.45358, 0.0457771, 1, 0, 
18.5564, 0, 0, -1.44361, 0.0469978, 1, 0, 
18.5664, 0, 0, -1.43363, 0.0457771, 1, 0, 
18.5763, 0, 0, -1.42366, 0.0445563, 1, 0, 
18.5863, 0, 0, -1.41369, 0.0494392, 1, 0, 
18.5963, 0, 0, -1.40372, 0.0469978, 1, 0, 
18.6063, 0, 0, -1.39374, 0.0518807, 1, 0, 
18.6162, 0, 0, -1.38377, 0.0469978, 1, 0, 
18.6262, 0, 0, -1.3738, 0.05066, 1, 0, 
18.6362, 0, 0, -1.36383, 0.0518807, 1, 0, 
18.6461, 0, 0, -1.35386, 0.0518807, 1, 0, 
18.6561, 0, 0, -1.34388, 0.05066, 1, 0, 
18.6661, 0, 0, -1.33391, 0.0518807, 1, 0, 
18.6761, 0, 0, -1.32394, 0.0518807, 1, 0, 
18.686, 0, 0, -1.31397, 0.0518807, 1, 0, 
18.696, 0, 0, -1.30399, 0.05066, 1, 0, 
18.706, 0, 0, -1.29402, 0.0531014, 1, 0, 
18.716, 0, 0, -1.28405, 0.0518807, 1, 0, 
18.7259, 0, 0, -1.27408, 0.0494392, 1, 0, 
18.7359, 0, 0, -1.2641, 0.0518807, 1, 0, 
18.7459, 0, 0, -1.25413, 0.0543221, 1, 0, 
18.7558, 0, 0, -1.24416, 0.0531014, 1, 0, 
18.7658, 0, 0, -1.23419, 0.0518807, 1, 0, 
18.7758, 0, 0, -1.22422, 0.0555428, 1, 0, 
18.7858, 0, 0, -1.21424, 0.0555428, 1, 0, 
18.7957, 0, 0, -1.20427, 0.0555428, 1, 0, 
18.8057, 0, 0, -1.1943, 0.0555428, 1, 0, 
18.8157, 0, 0, -1.18433, 0.0543221, 1, 0, 
18.8256, 0, 0, -1.17435, 0.0543221, 1, 0, 
18.8356, 0, 0, -1.16438, 0.0518807, 1, 0, 
18.8456, 0, 0, -1.15441, 0.059205, 1, 0, 
18.8556, 0, 0, -1.14444, 0.0567636, 1, 0, 
18.8655, 0, 0, -1.13447, 0.059205, 1, 0, 
18.8755, 0, 0, -1.12449, 0.0555428, 1, 0, 
18.8855, 0, 0, -1.11452, 0.0531014, 1, 0, 
18.8955, 0, 0, -1.10455, 0.0555428, 1, 0, 
18.9054, 0, 0, -1.09458, 0.059205, 1, 0, 
18.9154, 0, 0, -1.0846, 0.0604257, 1, 0, 
18.9254, 0, 0, -1.07463, 0.0616464, 1, 0, 
18.9353, 0, 0, -1.06466, 0.0567636, 1, 0, 
18.9453, 0, 0, -1.05469, 0.059205, 1, 0, 
18.9553, 0, 0, -1.04471, 0.0616464, 1, 0, 
18.9653, 0, 0, -1.03474, 0.0567636, 1, 0, 
18.9752, 0, 0, -1.02477, 0.0604257, 1, 0, 
18.9852, 0, 0, -1.0148, 0.059205, 1, 0, 
18.9952, 0, 0, -1.00483, 0.0604257, 1, 0, 
19.0051, 0, 0, -0.994854, 0.0628672, 1, 0, 
19.0151, 0, 0, -0.984881, 0.0579843, 1, 0, 
19.0251, 0, 0, -0.974909, 0.0640879, 1, 0, 
19.0351, 0, 0, -0.964937, 0.0579843, 1, 0, 
19.045, 0, 0, -0.954964, 0.0616464, 1, 0, 
19.055, 0, 0, -0.944992, 0.0579843, 1, 0, 
19.065, 0, 0, -0.935019, 0.0616464, 1, 0, 
19.075, 0, 0, -0.925048, 0.0640879, 1, 0, 
19.0849, 0, 0, -0.915076, 0.0665293, 1, 0, 
19.0949, 0, 0, -0.905103, 0.0653086, 1, 0, 
19.1049, 0, 0, -0.895131, 0.0628672, 1, 0, 
19.1148, 0, 0, -0.885158, 0.0628672, 1, 0, 
19.1248, 0, 0, -0.875187, 0.0653086, 1, 0, 
19.1348, 0, 0, -0.865214, 0.0628672, 1, 0, 
19.1448, 0, 0, -0.855242, 0.0628672, 1, 0, 
19.1547, 0, 0, -0.845269, 0.0653086, 1, 0, 
19.1647, 0, 0, -0.835298, 0.0665293, 1, 0, 
19.1747, 0, 0, -0.825325, 0.0640879, 1, 0, 
19.1846, 0, 0, -0.815353, 0.0677501, 1, 0, 
19.1946, 0, 0, -0.805381, 0.0677501, 1, 0, 
19.2046, 0, 0, -0.795408, 0.0640879, 1, 0, 
19.2146, 0, 0, -0.785436, 0.0665293, 1, 0, 
19.2245, 0, 0, -0.775464, 0.0689708, 1, 0, 
19.2345, 0, 0, -0.765491, 0.0616464, 1, 0, 
19.2445, 0, 0, -0.755519, 0.0677501, 1, 0, 
19.2545, 0, 0, -0.745547, 0.0653086, 1, 0, 
19.2644, 0, 0, -0.735575, 0.0701915, 1, 0, 
19.2744, 0, 0, -0.725602, 0.0677501, 1, 0, 
19.2844, 0, 0, -0.715631, 0.0653086, 1, 0, 
19.2943, 0, 0, -0.705658, 0.0653086, 1, 0, 
19.3043, 0, 0, -0.695686, 0.0714122, 1, 0, 
19.3143, 0, 0, -0.685713, 0.0677501, 1, 0, 
19.3243, 0, 0, -0.675741, 0.0677501, 1, 0, 
19.3342, 0, 0, -0.665768, 0.0726329, 1, 0, 
19.3442, 0, 0, -0.655797, 0.0701915, 1, 0, 
19.3542, 0, 0, -0.645824, 0.0714122, 1, 0, 
19.3641, 0, 0, -0.635852, 0.0701915, 1, 0, 
19.3741, 0, 0, -0.625882, 0.0726329, 1, 0, 
19.3841, 0, 0, -0.615908, 0.0726329, 1, 0, 
19.3941, 0, 0, -0.605935, 0.0701915, 1, 0, 
19.404, 0, 0, -0.595963, 0.0726329, 1, 0, 
19.414, 0, 0, -0.58599, 0.0714122, 1, 0, 
19.424, 0, 0, -0.576018, 0.0738537, 1, 0, 
19.434, 0, 0, -0.566046, 0.0714122, 1, 0, 
19.4439, 0, 0, -0.556074, 0.0750744, 1, 0, 
19.4539, 0, 0, -0.546101, 0.0726329, 1, 0, 
19.4639, 0, 0, -0.53613, 0.0738537, 1, 0, 
19.4738, 0, 0, -0.526157, 0.0726329, 1, 0, 
19.4838, 0, 0, -0.516185, 0.0750744, 1, 0, 
19.4938, 0, 0, -0.506212, 0.0726329, 1, 0, 
19.5038, 0, 0, -0.49624, 0.0738537, 1, 0, 
19.5137, 0, 0, -0.486268, 0.0726329, 1, 0, 
19.5237, 0, 0, -0.476296, 0.0750744, 1, 0, 
19.5337, 0, 0, -0.466324, 0.0750744, 1, 0, 
19.5436, 0, 0, -0.456351, 0.0750744, 1, 0, 
19.5536, 0, 0, -0.446379, 0.0787366, 1, 0, 
19.5636, 0, 0, -0.436407, 0.0750744, 1, 0, 
19.5736, 0, 0, -0.426435, 0.0787366, 1, 0, 
19.5835, 0, 0, -0.41646, 0.0799573, 1, 0, 
19.5935, 0, 0, -0.406489, 0.0775158, 1, 0, 
19.6035, 0, 0, -0.396518, 0.0775158, 1, 0, 
19.6135, 0, 0, -0.386546, 0.081178, 1, 0, 
19.6234, 0, 0, -0.376574, 0.0775158, 1, 0, 
19.6334, 0, 0, -0.3666, 0.0787366, 1, 0, 
19.6434, 0, 0, -0.356629, 0.0787366, 1, 0, 
19.6533, 0, 0, -0.346656, 0.081178, 1, 0, 
19.6633, 0, 0, -0.336685, 0.0738537, 1, 0, 
19.6733, 0, 0, -0.326711, 0.0750744, 1, 0, 
19.6833, 0, 0, -0.31674, 0.0787366, 1, 0, 
19.6932, 0, 0, -0.306767, 0.0787366, 1, 0, 
19.7032, 0, 0, -0.296796, 0.081178, 1, 0, 
19.7132, 0, 0, -0.286823, 0.0836194, 1, 0, 
19.7231, 0, 0, -0.27685, 0.081178, 1, 0, 
19.7331, 0, 0, -0.266878, 0.0775158, 1, 0, 
19.7431, 0, 0, -0.256906, 0.081178, 1, 0, 
19.7531, 0, 0, -0.246934, 0.081178, 1, 0, 
19.763, 0, 0, -0.236961, 0.0823987, 1, 0, 
19.773, 0, 0, -0.226989, 0.0799573, 1, 0, 
19.783, 0, 0, -0.217017, 0.0799573, 1, 0, 
19.793, 0, 0, -0.207045, 0.0823987, 1, 0, 
19.8029, 0, 0, -0.197073, 0.0823987, 1, 0, 
19.8129, 0, 0, -0.1871, 0.081178, 1, 0, 
19.8229, 0, 0, -0.177128, 0.0799573, 1, 0, 
19.8328, 0, 0, -0.167156, 0.0823987, 1, 0, 
19.8428, 0, 0, -0.157183, 0.0823987, 1, 0, 
19.8528, 0, 0, -0.147211, 0.0836194, 1, 0, 
19.8628, 0, 0, -0.137239, 0.0860609, 1, 0, 
19.8727, 0, 0, -0.127266, 0.0823987, 1, 0, 
19.8827, 0, 0, -0.117294, 0.0787366, 1, 0, 
19.8927, 0, 0, -0.107324, 0.0836194, 1, 0, 
19.9027, 0, 0, -0.0973497, 0.0848402, 1, 0, 
19.9126, 0, 0, -0.0873781, 0.0836194, 1, 0, 
19.9226, 0, 0, -0.0774056, 0.0860609, 1, 0, 
19.9326, 0, 0, -0.0674326, 0.0872816, 1, 0, 
19.9425, 0, 0, -0.0574606, 0.0872816, 1, 0, 
19.9525, 0, 0, -0.0474883, 0.0860609, 1, 0, 
19.9625, 0, 0, -0.0375161, 0.081178, 1, 0, 
19.9725, 0, 0, -0.0275435, 0.0860609, 1, 0, 
19.9824, 0, 0, -0.0175715, 0.0848402, 1, 0, 
19.9924, 0, 0, -0.00759886, 0.0860609, 1, 0, 
20.0024, 0, 0, 0, 0.0860609, 1, 0, 
20.0123, 0, 0, 0, 0.0860609, 1, 0, 
20.0223, 0, 0, 0, 0.0909438, 1, 0, 
20.0323, 0, 0, 0, 0.0860609, 1, 0, 
20.0423, 0, 0, 0, 0.0872816, 1, 0, 
20.0522, 0, 0, 0, 0.0860609, 1, 0, 
20.0622, 0, 0, 0, 0.0872816, 1, 0, 
20.0722, 0, 0, 0, 0.0848402, 1, 0, 
20.0822, 0, 0, 0, 0.0848402, 1, 0, 
20.0921, 0, 0, 0, 0.089723, 1, 0, 
20.1021, 0, 0, 0, 0.0860609, 1, 0, 
20.1121, 0, 0, 0, 0.0885023, 1, 0, 
20.122, 0, 0, 0, 0.0860609, 1, 0, 
20.132, 0, 0, 0, 0.0860609, 1, 0, 
20.142, 0, 0, 0, 0.0885023, 1, 0, 
20.152, 0, 0, 0, 0.0860609, 1, 0, 
20.1619, 0, 0, 0, 0.0860609, 1, 0, 
20.1719, 0, 0, 0, 0.089723, 1, 0, 
20.1819, 0, 0, 0, 0.0860609, 1, 0, 
20.1918, 0, 0, 0, 0.0848402, 1, 0, 
20.2018, 0, 0, 0, 0.0872816, 1, 0, 
20.2118, 0, 0, 0, 0.0848402, 1, 0, 
20.2218, 0, 0, 0, 0.0823987, 1, 0, 
20.2317, 0, 0, 0, 0.0872816, 1, 0, 
20.2417, 0, 0, 0, 0.0909438, 1, 0, 
20.2517, 0, 0, 0, 0.0860609, 1, 0, 
20.2617, 0, 0, 0, 0.089723, 1, 0, 
20.2716, 0, 0, 0, 0.0860609, 1, 0, 
20.2816, 0, 0, 0, 0.0860609, 1, 0, 
20.2916, 0, 0, 0, 0.0860609, 1, 0, 
20.3015, 0, 0, 0, 0.0848402, 1, 0, 
20.3115, 0, 0, 0, 0.0848402, 1, 0, 
20.3215, 0, 0, 0, 0.0860609, 1, 0, 
20.3315, 0, 0, 0, 0.0872816, 1, 0, 
20.3414, 0, 0, 0, 0.0848402, 1, 0, 
20.3514, 0, 0, 0, 0.0860609, 1, 0, 
20.3614, 0, 0, 0, 0.0872816, 1, 0, 
20.3713, 0, 0, 0, 0.0860609, 1, 0, 
20.3813, 0, 0, 0, 0.0872816, 1, 0, 
20.3913, 0, 0, 0, 0.0860609, 1, 0, 
20.4013, 0, 0, 0, 0.0885023, 1, 0, 
20.4112, 0, 0, 0, 0.089723, 1, 0, 
20.4212, 0, 0, 0, 0.0909438, 1, 0, 
20.4312, 0, 0, 0, 0.0848402, 1, 0, 
20.4412, 0, 0, 0, 0.0848402, 1, 0, 
20.4511, 0, 0, 0, 0.0909438, 1, 0, 
20.4611, 0, 0, 0, 0.0872816, 1, 0, 
20.4711, 0, 0, 0, 0.0836194, 1, 0, 
20.481, 0, 0, 0, 0.0836194, 1, 0, 
20.491, 0, 0, 0, 0.0836194, 1, 0, 
20.501, 0, 0, 0, 0.0872816, 1, 0, 
20.511, 0, 0, 0, 0.0860609, 1, 0, 
20.5209, 0, 0, 0, 0.089723, 1, 0, 
20.5309, 0, 0, 0, 0.0860609, 1, 0, 
20.5409, 0, 0, 0, 0.0860609, 1, 0, 
20.5508, 0, 0, 0, 0.0872816, 1, 0, 
20.5608, 0, 0, 0, 0.0848402, 1, 0, 
20.5708, 0, 0, 0, 0.0872816, 1, 0, 
20.5808, 0, 0, 0, 0.0848402, 1, 0, 
20.5907, 0, 0, 0, 0.0872816, 1, 0, 
20.6007, 0, 0, 0, 0.0872816, 1, 0, 
20.6107, 0, 0, 0, 0.0872816, 1, 0, 
20.6207, 0, 0, 0, 0.0885023, 1, 0, 
20.6306, 0, 0, 0, 0.0872816, 1, 0, 
20.6406, 0, 0, 0, 0.0885023, 1, 0, 
20.6506, 0, 0, 0, 0.0872816, 1, 0, 
20.6605, 0, 0, 0, 0.0885023, 1, 0, 
20.6705, 0, 0, 0, 0.0872816, 1, 0, 
20.6805, 0, 0, 0, 0.0860609, 1, 0, 
20.6905, 0, 0, 0, 0.0836194, 1, 0, 
20.7004, 0, 0, 0, 0.0836194, 1, 0, 
20.7104, 0, 0, 0, 0.089723, 1, 0, 
20.7204, 0, 0, 0, 0.0909438, 1, 0, 
20.7303, 0, 0, 0, 0.0860609, 1, 0, 
20.7403, 0, 0, 0, 0.0885023, 1, 0, 
20.7503, 0, 0, 0, 0.0860609, 1, 0, 
20.7603, 0, 0, 0, 0.0848402, 1, 0, 
20.7702, 0, 0, 0, 0.0885023, 1, 0, 
20.7802, 0, 0, 0, 0.0860609, 1, 0, 
20.7902, 0, 0, 0, 0.0836194, 1, 0, 
20.8002, 0, 0, 0, 0.0909438, 1, 0, 
20.8101, 0, 0, 0, 0.0848402, 1, 0, 
20.8201, 0, 0, 0, 0.0848402, 1, 0, 
20.8301, 0, 0, 0, 0.0860609, 1, 0, 
20.84, 0, 0, 0, 0.0848402, 1, 0, 
20.85, 0, 0, 0, 0.0848402, 1, 0, 
20.86, 0, 0, 0, 0.0885023, 1, 0, 
20.87, 0, 0, 0, 0.0848402, 1, 0, 
20.8799, 0, 0, 0, 0.0885023, 1, 0, 
20.8899, 0, 0, 0, 0.0909438, 1, 0, 
20.8999, 0, 0, 0, 0.0885023, 1, 0, 
20.9098, 0, 0, 0, 0.0860609, 1, 0, 
20.9198, 0, 0, 0, 0.0885023, 1, 0, 
20.9298, 0, 0, 0, 0.089723, 1, 0, 
20.9398, 0, 0, 0, 0.089723, 1, 0, 
20.9497, 0, 0, 0, 0.0885023, 1, 0, 
20.9597, 0, 0, 0, 0.0848402, 1, 0, 
20.9697, 0, 0, 0, 0.0860609, 1, 0, 
20.9797, 0, 0, 0, 0.0885023, 1, 0, 
20.9896, 0, 0, 0, 0.0872816, 1, 0, 
20.9996, 0, 0, 0, 0.0848402, 1, 0, 
21.0096, 0, 0, 0, 0.0860609, 1, 0, 
21.0195, 0, 0, 0, 0.0885023, 1, 0, 
21.0295, 0, 0, 0, 0.0885023, 1, 0, 
21.0395, 0, 0, 0, 0.0872816, 1, 0, 
21.0495, 0, 0, 0, 0.0885023, 1, 0, 
21.0594, 0, 0, 0, 0.0885023, 1, 0, 
21.0694, 0, 0, 0, 0.0860609, 1, 0, 
21.0794, 0, 0, 0, 0.089723, 1, 0, 
21.0893, 0, 0, 0, 0.0860609, 1, 0, 
21.0993, 0, 0, 0, 0.0921645, 1, 0, 
21.1093, 0, 0, 0, 0.0860609, 1, 0, 
21.1193, 0, 0, 0, 0.0836194, 1, 0, 
21.1292, 0, 0, 0, 0.089723, 1, 0, 
21.1392, 0, 0, 0, 0.0885023, 1, 0, 
21.1492, 0, 0, 0, 0.0872816, 1, 0, 
21.1592, 0, 0, 0, 0.0872816, 1, 0, 
21.1691, 0, 0, 0, 0.0885023, 1, 0, 
21.1791, 0, 0, 0, 0.0872816, 1, 0, 
21.1891, 0, 0, 0, 0.0860609, 1, 0, 
21.199, 0, 0, 0, 0.089723, 1, 0, 
21.209, 0, 0, 0, 0.0872816, 1, 0, 
21.219, 0, 0, 0, 0.0848402, 1, 0, 
21.229, 0, 0, 0, 0.0860609, 1, 0, 
21.2389, 0, 0, 0, 0.0872816, 1, 0, 
21.2489, 0, 0, 0, 0.0872816, 1, 0, 
21.2589, 0, 0, 0, 0.0909438, 1, 0, 
21.2689, 0, 0, 0, 0.089723, 1, 0, 
21.2788, 0, 0, 0, 0.089723, 1, 0, 
21.2888, 0, 0, 0, 0.0885023, 1, 0, 
21.2988, 0, 0, 0, 0.0872816, 1, 0, 
21.3087, 0, 0, 0, 0.0885023, 1, 0, 
21.3187, 0, 0, 0, 0.0860609, 1, 0, 
21.3287, 0, 0, 0, 0.0848402, 1, 0, 
21.3387, 0, 0, 0, 0.0860609, 1, 0, 
21.3486, 0, 0, 0, 0.0885023, 1, 0, 
21.3586, 0, 0, 0, 0.0885023, 1, 0, 
21.3686, 0, 0, 0, 0.0848402, 1, 0, 
21.3785, 0, 0, 0, 0.0860609, 1, 0, 
21.3885, 0, 0, 0, 0.0872816, 1, 0, 
21.3985, 0, 0, 0, 0.0860609, 1, 0, 
21.4085, 0, 0, 0, 0.089723, 1, 0, 
21.4184, 0, 0, 0, 0.0872816, 1, 0, 
21.4284, 0, 0, 0, 0.0848402, 1, 0, 
21.4384, 0, 0, 0, 0.0860609, 1, 0, 
21.4483, 0, 0, 0, 0.0848402, 1, 0, 
21.4583, 0, 0, 0, 0.0885023, 1, 0, 
21.4683, 0, 0, 0, 0.0860609, 1, 0, 
21.4783, 0, 0, 0, 0.0848402, 1, 0, 
21.4882, 0, 0, 0, 0.089723, 1, 0, 
21.4982, 0, 0, 0, 0.0860609, 1, 0, 
21.5082, 0, 0, 0, 0.0885023, 1, 0, 
21.5182, 0, 0, 0, 0.0836194, 1, 0, 
21.5281, 0, 0, 0, 0.0872816, 1, 0, 
21.5381, 0, 0, 0, 0.0885023, 1, 0, 
21.5481, 0, 0, 0, 0.0860609, 1, 0, 
21.558, 0, 0, 0, 0.0872816, 1, 0, 
21.568, 0, 0, 0, 0.0848402, 1, 0, 
21.578, 0, 0, 0, 0.0872816, 1, 0, 
21.588, 0, 0, 0, 0.0872816, 1, 0, 
21.5979, 0, 0, 0, 0.0848402, 1, 0, 
21.6079, 0, 0, 0, 0.0885023, 1, 0, 
21.6179, 0, 0, 0, 0.0848402, 1, 0, 
21.6279, 0, 0, 0, 0.0848402, 1, 0, 
21.6378, 0, 0, 0, 0.0872816, 1, 0, 
21.6478, 0, 0, 0, 0.089723, 1, 0, 
21.6578, 0, 0, 0, 0.089723, 1, 0, 
21.6677, 0, 0, 0, 0.0872816, 1, 0, 
21.6777, 0, 0, 0, 0.0885023, 1, 0, 
21.6877, 0, 0, 0, 0.0848402, 1, 0, 
21.6977, 0, 0, 0, 0.089723, 1, 0, 
21.7076, 0, 0, 0, 0.089723, 1, 0, 
21.7176, 0, 0, 0, 0.0848402, 1, 0, 
21.7276, 0, 0, 0, 0.0848402, 1, 0, 
21.7375, 0, 0, 0, 0.0848402, 1, 0, 
21.7475, 0, 0, 0, 0.089723, 1, 0, 
21.7575, 0, 0, 0, 0.0848402, 1, 0, 
21.7675, 0, 0, 0, 0.0885023, 1, 0, 
21.7774, 0, 0, 0, 0.0872816, 1, 0, 
21.7874, 0, 0, 0, 0.089723, 1, 0, 
21.7974, 0, 0, 0, 0.0909438, 1, 0, 
21.8074, 0, 0, 0, 0.0860609, 1, 0, 
21.8173, 0, 0, 0, 0.0860609, 1, 0, 
21.8273, 0, 0, 0, 0.0860609, 1, 0, 
21.8373, 0, 0, 0, 0.0885023, 1, 0, 
21.8472, 0, 0, 0, 0.0848402, 1, 0, 
21.8572, 0, 0, 0, 0.0872816, 1, 0, 
21.8672, 0, 0, 0, 0.089723, 1, 0, 
21.8772, 0, 0, 0, 0.0860609, 1, 0, 
21.8871, 0, 0, 0, 0.0885023, 1, 0, 
21.8971, 0, 0, 0, 0.0885023, 1, 0, 
21.9071, 0, 0, 0, 0.0885023, 1, 0, 
21.917, 0, 0, 0, 0.0885023, 1, 0, 
21.927, 0, 0, 0, 0.089723, 1, 0, 
21.937, 0, 0, 0, 0.0872816, 1, 0, 
21.947, 0, 0, 0, 0.0823987, 1, 0, 
21.9569, 0, 0, 0, 0.0860609, 1, 0, 
21.9669, 0, 0, 0, 0.0836194, 1, 0, 
21.9769, 0, 0, 0, 0.0848402, 1, 0, 
21.9869, 0, 0, 0, 0.0872816, 1, 0, 
21.9968, 0, 0, 0, 0.0848402, 1, 0, 
22.0068, 0, 0, 0, 0.0885023, 1, 0, 
22.0168, 0, 0, 0, 0.0885023, 1, 0, 
22.0267, 0, 0, 0, 0.0885023, 1, 0, 
22.0367, 0, 0, 0, 0.089723, 1, 0, 
22.0467, 0, 0, 0, 0.0836194, 1, 0, 
22.0567, 0, 0, 0, 0.0909438, 1, 0, 
22.0666, 0, 0, 0, 0.0860609, 1, 0, 
22.0766, 0, 0, 0, 0.0872816, 1, 0, 
22.0866, 0, 0, 0, 0.089723, 1, 0, 
22.0965, 0, 0, 0, 0.0860609, 1, 0, 
22.1065, 0, 0, 0, 0.0885023, 1, 0, 
22.1165, 0, 0, 0, 0.0872816, 1, 0, 
22.1265, 0, 0, 0, 0.0872816, 1, 0, 
22.1364, 0, 0, 0, 0.0872816, 1, 0, 
22.1464, 0, 0, 0, 0.0848402, 1, 0, 
22.1564, 0, 0, 0, 0.0848402, 1, 0, 
22.1664, 0, 0, 0, 0.0848402, 1, 0, 
22.1763, 0, 0, 0, 0.0860609, 1, 0, 
22.1863, 0, 0, 0, 0.089723, 1, 0, 
22.1963, 0, 0, 0, 0.0885023, 1, 0, 
22.2062, 0, 0, 0, 0.0860609, 1, 0, 
22.2162, 0, 0, 0, 0.0872816, 1, 0, 
22.2262, 0, 0, 0, 0.0860609, 1, 0, 
22.2362, 0, 0, 0, 0.089723, 1, 0, 
22.2461, 0, 0, 0, 0.0836194, 1, 0, 
22.2561, 0, 0, 0, 0.0848402, 1, 0, 
22.2661, 0, 0, 0, 0.0872816, 1, 0, 
22.276, 0, 0, 0, 0.0885023, 1, 0, 
22.286, 0, 0, 0, 0.0909438, 1, 0, 
22.296, 0, 0, 0, 0.0848402, 1, 0, 
22.306, 0, 0, 0, 0.0860609, 1, 0, 
22.3159, 0, 0, 0, 0.0836194, 1, 0, 
22.3259, 0, 0, 0, 0.089723, 1, 0, 
22.3359, 0, 0, 0, 0.0872816, 1, 0, 
22.3459, 0, 0, 0, 0.0872816, 1, 0, 
22.3558, 0, 0, 0, 0.0885023, 1, 0, 
22.3658, 0, 0, 0, 0.0848402, 1, 0, 
22.3758, 0, 0, 0, 0.0885023, 1, 0, 
22.3857, 0, 0, 0, 0.0848402, 1, 0, 
22.3957, 0, 0, 0, 0.0860609, 1, 0, 
22.4057, 0, 0, 0, 0.0848402, 1, 0, 
22.4157, 0, 0, 0, 0.0872816, 1, 0, 
22.4256, 0, 0, 0, 0.0885023, 1, 0, 
22.4356, 0, 0, 0, 0.0909438, 1, 0, 
22.4456, 0, 0, 0, 0.0860609, 1, 0, 
22.4556, 0, 0, 0, 0.0872816, 1, 0, 
22.4655, 0, 0, 0, 0.0885023, 1, 0, 
22.4755, 0, 0, 0, 0.0872816, 1, 0, 
22.4855, 0, 0, 0, 0.0860609, 1, 0, 
22.4954, 0, 0, 0, 0.0872816, 1, 0, 
22.5054, 0, 0, 0, 0.0946059, 1, 0, 
22.5154, 0, 0, 0, 0.0885023, 1, 0, 
22.5254, 0, 0, 0, 0.0860609, 1, 0, 
22.5353, 0, 0, 0, 0.0885023, 1, 0, 
22.5453, 0, 0, 0, 0.0872816, 1, 0, 
22.5553, 0, 0, 0, 0.0848402, 1, 0, 
22.5652, 0, 0, 0, 0.0872816, 1, 0, 
22.5752, 0, 0, 0, 0.0860609, 1, 0, 
22.5852, 0, 0, 0, 0.0872816, 1, 0, 
22.5952, 0, 0, 0, 0.0860609, 1, 0, 
22.6051, 0, 0, 0, 0.089723, 1, 0, 
22.6151, 0, 0, 0, 0.0848402, 1, 0, 
22.6251, 0, 0, 0, 0.0872816, 1, 0, 
22.6351, 0, 0, 0, 0.089723, 1, 0, 
22.645, 0, 0, 0, 0.0921645, 1, 0, 
22.655, 0, 0, 0, 0.0872816, 1, 0, 
22.665, 0, 0, 0, 0.0860609, 1, 0, 
22.6749, 0, 0, 0, 0.0848402, 1, 0, 
22.6849, 0, 0, 0, 0.089723, 1, 0, 
22.6949, 0, 0, 0, 0.0921645, 1, 0, 
22.7049, 0, 0, 0, 0.0848402, 1, 0, 
22.7148, 0, 0, 0, 0.0885023, 1, 0, 
22.7248, 0, 0, 0, 0.0885023, 1, 0, 
22.7348, 0, 0, 0, 0.0860609, 1, 0, 
22.7447, 0, 0, 0, 0.0872816, 1, 0, 
22.7547, 0, 0, 0, 0.0860609, 1, 0, 
22.7647, 0, 0, 0, 0.089723, 1, 0, 
22.7747, 0, 0, 0, 0.0860609, 1, 0, 
22.7846, 0, 0, 0, 0.0885023, 1, 0, 
22.7946, 0, 0, 0, 0.0872816, 1, 0, 
22.8046, 0, 0, 0, 0.089723, 1, 0, 
22.8146, 0, 0, 0, 0.0872816, 1, 0, 
22.8245, 0, 0, 0, 0.0848402, 1, 0, 
22.8345, 0, 0, 0, 0.0872816, 1, 0, 
22.8445, 0, 0, 0, 0.0823987, 1, 0, 
22.8544, 0, 0, 0, 0.0909438, 1, 0, 
22.8644, 0, 0, 0, 0.0885023, 1, 0, 
22.8744, 0, 0, 0, 0.0860609, 1, 0, 
22.8844, 0, 0, 0, 0.0848402, 1, 0, 
22.8943, 0, 0, 0, 0.0860609, 1, 0, 
22.9043, 0, 0, 0, 0.0860609, 1, 0, 
22.9143, 0, 0, 0, 0.089723, 1, 0, 
22.9242, 0, 0, 0, 0.0885023, 1, 0, 
22.9342, 0, 0, 0, 0.0885023, 1, 0, 
22.9442, 0, 0, 0, 0.0872816, 1, 0, 
22.9542, 0, 0, 0, 0.0885023, 1, 0, 
22.9641, 0, 0, 0, 0.0860609, 1, 0, 
22.9741, 0, 0, 0, 0.0860609, 1, 0, 
22.9841, 0, 0, 0, 0.0860609, 1, 0, 
22.9941, 0, 0, 0, 0.0872816, 1, 0, 
23.004, 0, 0, 0, 0.0836194, 1, 0, 
23.014, 0, 0, 0, 0.0860609, 1, 0, 
23.024, 0, 0, 0, 0.0885023, 1, 0, 
23.0339, 0, 0, 0, 0.0860609, 1, 0, 
23.0439, 0, 0, 0, 0.0933852, 1, 0, 
23.0539, 0, 0, 0, 0.089723, 1, 0, 
23.0639, 0, 0, 0, 0.0885023, 1, 0, 
23.0738, 0, 0, 0, 0.0909438, 1, 0, 
23.0838, 0, 0, 0, 0.0860609, 1, 0, 
23.0938, 0, 0, 0, 0.0860609, 1, 0, 
23.1037, 0, 0, 0, 0.0848402, 1, 0, 
23.1137, 0, 0, 0, 0.0885023, 1, 0, 
23.1237, 0, 0, 0, 0.0860609, 1, 0, 
23.1337, 0, 0, 0, 0.089723, 1, 0, 
23.1436, 0, 0, 0, 0.0848402, 1, 0, 
23.1536, 0, 0, 0, 0.0885023, 1, 0, 
23.1636, 0, 0, 0, 0.0872816, 1, 0, 
